id,split
1,train
2,test
3,train
4,train
5,train
6,train
7,train
8,train
9,train
10,validation
11,train
12,test
13,train
14,train
15,test
16,validation
17,train
18,test
19,validation
20,train
21,test
22,test
23,train
24,validation
25,validation
26,train
27,test
28,train
29,train
30,train
31,train
32,validation
33,train
34,test
35,test
36,train
37,train
38,train
39,train
40,validation
41,train
42,train
43,train
44,train
45,train
46,test
47,train
48,validation
49,train
50,train
51,train
52,train
53,validation
54,validation
55,test
56,train
57,train
58,train
59,train
60,train
61,train
62,train
63,train
64,test
65,train
66,test
67,test
68,train
69,train
70,train
71,train
72,train
73,train
74,test
75,train
76,test
77,validation
78,validation
79,validation
80,train
81,train
82,train
83,test
84,test
85,validation
86,train
87,validation
88,validation
89,train
90,validation
91,test
92,train
93,test
94,train
95,train
96,train
97,train
98,train
99,validation
100,train
101,train
102,train
103,train
104,train
105,test
106,train
107,train
108,train
109,train
110,test
111,train
112,train
113,train
114,test
115,validation
116,train
117,train
118,validation
119,test
120,train
121,train
122,train
123,validation
124,validation
125,validation
126,validation
127,train
128,train
129,validation
130,train
131,train
132,test
133,train
134,train
135,train
136,train
137,validation
138,train
139,train
140,train
141,validation
142,test
143,validation
144,train
145,train
146,train
147,train
148,train
149,train
150,test
151,train
152,train
153,train
154,train
155,test
156,train
157,train
158,train
159,test
160,train
161,validation
162,train
163,validation
164,test
165,test
166,train
167,train
168,validation
169,train
170,train
171,train
172,train
173,train
174,train
175,validation
176,validation
177,test
178,train
179,test
180,validation
181,train
182,test
183,train
184,validation
185,validation
186,train
187,train
188,train
189,test
190,train
191,train
192,train
193,test
194,validation
195,validation
196,train
197,validation
198,test
199,test
200,train
201,train
202,test
203,train
204,train
205,train
206,test
207,train
208,train
209,train
210,test
211,test
212,train
213,test
214,train
215,test
216,test
217,train
218,train
219,train
220,train
221,test
222,train
223,validation
224,train
225,train
226,train
227,test
228,train
229,train
230,train
231,train
232,train
233,train
234,validation
235,validation
236,train
237,train
238,train
239,test
240,test
241,train
242,train
243,train
244,test
245,test
246,validation
247,test
248,test
249,test
250,test
251,test
252,train
253,validation
254,test
255,train
256,test
257,train
258,train
259,validation
260,train
261,test
262,test
263,test
264,test
265,train
266,test
267,test
268,train
269,train
270,train
271,validation
272,train
273,train
274,train
275,train
276,train
277,train
278,test
279,train
280,test
281,train
282,train
283,train
284,validation
285,train
286,validation
287,train
288,train
289,train
290,validation
291,train
292,train
293,validation
294,validation
295,test
296,train
297,train
298,validation
299,train
300,train
301,validation
302,train
303,train
304,train
305,test
306,test
307,test
308,train
309,train
310,test
311,train
312,train
313,validation
314,test
315,train
316,test
317,train
318,validation
319,train
320,train
321,train
322,train
323,train
324,train
325,validation
326,validation
327,test
328,train
329,train
330,train
331,train
332,train
333,validation
334,train
335,train
336,train
337,validation
338,test
339,test
340,train
341,validation
342,train
343,train
344,train
345,train
346,train
347,validation
348,train
349,validation
350,train
351,train
352,test
353,train
354,train
355,test
356,train
357,train
358,train
359,train
360,train
361,train
362,test
363,train
364,train
365,train
366,train
367,validation
368,test
369,test
370,train
371,train
372,validation
373,train
374,train
375,train
376,train
377,train
378,validation
379,train
380,test
381,validation
382,train
383,validation
384,validation
385,train
386,test
387,train
388,test
389,validation
390,train
391,train
392,test
393,train
394,train
395,train
396,test
397,test
398,validation
399,train
400,train
401,train
402,train
403,train
404,train
405,train
406,train
407,validation
408,train
409,validation
410,train
411,validation
412,test
413,train
414,train
415,validation
416,train
417,train
418,validation
419,train
420,train
421,train
422,validation
423,train
424,train
425,train
426,train
427,train
428,train
429,train
430,train
431,train
432,test
433,train
434,validation
435,train
436,test
437,train
438,train
439,train
440,train
441,train
442,test
443,validation
444,test
445,validation
446,train
447,test
448,validation
449,test
450,train
451,validation
452,validation
453,train
454,train
455,train
456,train
457,train
458,train
459,train
460,train
461,validation
462,test
463,train
464,validation
465,train
466,train
467,train
468,validation
469,train
470,test
471,train
472,train
473,train
474,train
475,test
476,train
477,test
478,test
479,train
480,train
481,train
482,train
483,train
484,train
485,train
486,train
487,train
488,test
489,train
490,train
491,train
492,validation
493,train
494,train
495,train
496,train
497,validation
498,train
499,train
500,test
501,train
502,test
503,train
504,train
505,train
506,test
507,train
508,test
509,test
510,validation
511,validation
512,train
513,train
514,validation
515,train
516,train
517,train
518,train
519,train
520,train
521,validation
522,train
523,train
524,test
525,test
526,train
527,test
528,train
529,train
530,train
531,train
532,train
533,train
534,test
535,train
536,test
537,train
538,train
539,train
540,train
541,test
542,train
543,train
544,test
545,train
546,train
547,train
548,train
549,train
550,train
551,validation
552,train
553,validation
554,train
555,train
556,train
557,validation
558,train
559,train
560,train
561,train
562,train
563,train
564,train
565,test
566,train
567,train
568,train
569,validation
570,train
571,test
572,test
573,train
574,train
575,train
576,validation
577,train
578,test
579,train
580,train
581,test
582,train
583,validation
584,train
585,train
586,validation
587,train
588,test
589,validation
590,validation
591,train
592,validation
593,test
594,train
595,train
596,train
597,validation
598,train
599,train
600,test
601,validation
602,validation
603,train
604,train
605,validation
606,validation
607,train
608,train
609,train
610,train
611,validation
612,train
613,test
614,validation
615,train
616,train
617,train
618,validation
619,test
620,train
621,train
622,train
623,train
624,validation
625,train
626,test
627,test
628,train
629,train
630,test
631,train
632,train
633,validation
634,train
635,train
636,validation
637,train
638,train
639,train
640,test
641,train
642,test
643,train
644,train
645,train
646,test
647,train
648,train
649,train
650,train
651,validation
652,train
653,train
654,test
655,test
656,test
657,train
658,train
659,train
660,train
661,validation
662,train
663,validation
664,validation
665,train
666,test
667,validation
668,validation
669,test
670,test
671,test
672,train
673,train
674,test
675,train
676,train
677,train
678,train
679,test
680,train
681,train
682,train
683,train
684,train
685,validation
686,train
687,train
688,train
689,train
690,test
691,train
692,test
693,train
694,validation
695,validation
696,train
697,test
698,train
699,validation
700,train
701,validation
702,train
703,test
704,validation
705,train
706,test
707,test
708,validation
709,validation
710,train
711,train
712,test
713,validation
714,train
715,test
716,train
717,train
718,train
719,validation
720,validation
721,train
722,train
723,train
724,validation
725,train
726,train
727,test
728,test
729,test
730,train
731,test
732,validation
733,train
734,train
735,train
736,train
737,train
738,validation
739,train
740,train
741,train
742,train
743,validation
744,train
745,train
746,train
747,test
748,train
749,train
750,test
751,train
752,train
753,train
754,validation
755,train
756,train
757,test
758,train
759,validation
760,train
761,test
762,train
763,test
764,train
765,train
766,train
767,train
768,train
769,validation
770,train
771,validation
772,train
773,validation
774,train
775,train
776,validation
777,validation
778,test
779,train
780,validation
781,test
782,train
783,validation
784,train
785,test
786,train
787,train
788,train
789,test
790,train
791,train
792,train
793,train
794,train
795,train
796,train
797,validation
798,test
799,test
800,test
801,train
802,train
803,test
804,train
805,test
806,train
807,validation
808,train
809,train
810,train
811,train
812,train
813,train
814,train
815,train
816,train
817,train
818,validation
819,test
820,train
821,train
822,validation
823,validation
824,train
825,test
826,test
827,train
828,train
829,train
830,train
831,validation
832,validation
833,train
834,train
835,train
836,train
837,train
838,train
839,test
840,train
841,train
842,test
843,train
844,train
845,train
846,test
847,test
848,validation
849,train
850,validation
851,train
852,test
853,test
854,validation
855,train
856,train
857,test
858,train
859,train
860,train
861,train
862,train
863,train
864,train
865,test
866,train
867,train
868,validation
869,train
870,test
871,train
872,test
873,train
874,test
875,test
876,train
877,train
878,train
879,validation
880,train
881,train
882,train
883,train
884,test
885,train
886,test
887,train
888,train
889,train
890,train
891,train
892,train
893,validation
894,train
895,train
896,train
897,train
898,test
899,train
900,train
901,train
902,train
903,train
904,train
905,validation
906,train
907,train
908,train
909,test
910,validation
911,test
912,train
913,test
914,train
915,train
916,validation
917,train
918,train
919,test
920,train
921,test
922,train
923,train
924,train
925,train
926,train
927,train
928,train
929,validation
930,train
931,train
932,test
933,test
934,train
935,train
936,train
937,train
938,train
939,train
940,train
941,validation
942,train
943,train
944,test
945,train
946,validation
947,train
948,train
949,train
950,validation
951,train
952,train
953,train
954,validation
955,train
956,validation
957,train
958,train
959,train
960,validation
961,test
962,train
963,train
964,train
965,train
966,train
967,train
968,validation
969,train
970,test
971,test
972,test
973,validation
974,test
975,validation
976,train
977,train
978,test
979,train
980,train
981,validation
982,validation
983,test
984,train
985,train
986,test
987,train
988,test
989,validation
990,test
991,test
992,validation
993,train
994,train
995,train
996,validation
997,test
998,train
999,train
1000,test
1001,train
1002,train
1003,train
1004,train
1005,test
1006,train
1007,train
1008,train
1009,train
1010,test
1011,train
1012,validation
1013,train
1014,train
1015,train
1016,train
1017,validation
1018,train
1019,train
1020,validation
1021,train
1022,train
1023,test
1024,train
1025,test
1026,train
1027,train
1028,train
1029,train
1030,validation
1031,train
1032,train
1033,train
1034,train
1035,test
1036,test
1037,train
1038,test
1039,test
1040,train
1041,train
1042,train
1043,validation
1044,train
1045,validation
1046,train
1047,test
1048,train
1049,test
1050,test
1051,train
1052,validation
1053,train
1054,test
1055,train
1056,train
1057,test
1058,train
1059,train
1060,validation
1061,test
1062,train
1063,train
1064,train
1065,train
1066,train
1067,train
1068,train
1069,train
1070,validation
1071,train
1072,test
1073,train
1074,train
1075,validation
1076,train
1077,train
1078,test
1079,test
1080,train
1081,train
1082,validation
1083,validation
1084,train
1085,test
1086,validation
1087,validation
1088,test
1089,test
1090,test
1091,train
1092,test
1093,validation
1094,test
1095,test
1096,test
1097,test
1098,train
1099,validation
1100,train
1101,train
1102,test
1103,validation
1104,train
1105,validation
1106,train
1107,train
1108,test
1109,validation
1110,test
1111,validation
1112,train
1113,validation
1114,train
1115,train
1116,test
1117,train
1118,train
1119,train
1120,train
1121,train
1122,train
1123,train
1124,train
1125,train
1126,test
1127,train
1128,train
1129,train
1130,train
1131,train
1132,train
1133,test
1134,train
1135,train
1136,train
1137,train
1138,test
1139,train
1140,test
1141,train
1142,train
1143,test
1144,validation
1145,validation
1146,validation
1147,train
1148,test
1149,train
1150,train
1151,train
1152,train
1153,validation
1154,validation
1155,train
1156,validation
1157,train
1158,validation
1159,train
1160,test
1161,train
1162,train
1163,validation
1164,train
1165,train
1166,train
1167,test
1168,train
1169,test
1170,train
1171,train
1172,validation
1173,test
1174,test
1175,validation
1176,train
1177,train
1178,train
1179,validation
1180,train
1181,train
1182,test
1183,train
1184,validation
1185,train
1186,train
1187,train
1188,train
1189,validation
1190,test
1191,train
1192,train
1193,test
1194,train
1195,train
1196,train
1197,train
1198,train
1199,train
1200,train
1201,train
1202,train
1203,train
1204,train
1205,train
1206,test
1207,train
1208,train
1209,train
1210,test
1211,validation
1212,test
1213,train
1214,train
1215,validation
1216,test
1217,test
1218,test
1219,train
1220,train
1221,train
1222,train
1223,train
1224,train
1225,train
1226,test
1227,train
1228,validation
1229,train
1230,train
1231,train
1232,train
1233,train
1234,test
1235,validation
1236,test
1237,train
1238,train
1239,train
1240,validation
1241,train
1242,train
1243,test
1244,train
1245,train
1246,train
1247,test
1248,train
1249,validation
1250,train
1251,train
1252,validation
1253,train
1254,validation
1255,train
1256,train
1257,train
1258,train
1259,train
1260,test
1261,test
1262,validation
1263,train
1264,validation
1265,train
1266,train
1267,train
1268,train
1269,train
1270,train
1271,test
1272,train
1273,validation
1274,train
1275,test
1276,test
1277,test
1278,validation
1279,train
1280,train
1281,train
1282,train
1283,train
1284,test
1285,train
1286,train
1287,validation
1288,train
1289,train
1290,train
1291,test
1292,test
1293,test
1294,validation
1295,test
1296,train
1297,train
1298,test
1299,train
1300,train
1301,train
1302,train
1303,test
1304,validation
1305,validation
1306,train
1307,train
1308,validation
1309,train
1310,train
1311,train
1312,train
1313,validation
1314,validation
1315,train
1316,train
1317,train
1318,train
1319,train
1320,train
1321,validation
1322,train
1323,validation
1324,train
1325,train
1326,train
1327,validation
1328,validation
1329,train
1330,train
1331,train
1332,validation
1333,train
1334,validation
1335,train
1336,train
1337,train
1338,train
1339,train
1340,train
1341,train
1342,train
1343,train
1344,train
1345,validation
1346,train
1347,train
1348,train
1349,test
1350,train
1351,test
1352,train
1353,test
1354,train
1355,test
1356,train
1357,train
1358,test
1359,validation
1360,train
1361,train
1362,train
1363,train
1364,train
1365,train
1366,train
1367,test
1368,train
1369,train
1370,train
1371,validation
1372,train
1373,train
1374,validation
1375,train
1376,test
1377,test
1378,train
1379,train
1380,train
1381,train
1382,validation
1383,train
1384,test
1385,test
1386,train
1387,validation
1388,train
1389,test
1390,validation
1391,train
1392,validation
1393,validation
1394,train
1395,test
1396,train
1397,test
1398,train
1399,train
1400,test
1401,validation
1402,test
1403,test
1404,test
1405,validation
1406,train
1407,train
1408,train
1409,train
1410,train
1411,train
1412,validation
1413,train
1414,train
1415,train
1416,train
1417,test
1418,test
1419,train
1420,validation
1421,test
1422,train
1423,validation
1424,train
1425,validation
1426,test
1427,train
1428,train
1429,train
1430,validation
1431,train
1432,validation
1433,validation
1434,validation
1435,validation
1436,train
1437,train
1438,test
1439,train
1440,test
1441,train
1442,test
1443,test
1444,test
1445,train
1446,train
1447,test
1448,validation
1449,test
1450,validation
1451,test
1452,train
1453,validation
1454,validation
1455,validation
1456,train
1457,train
1458,train
1459,test
1460,validation
1461,validation
1462,train
1463,train
1464,test
1465,test
1466,validation
1467,train
1468,validation
1469,test
1470,train
1471,validation
1472,validation
1473,validation
1474,train
1475,test
1476,train
1477,validation
1478,train
1479,validation
1480,train
1481,train
1482,train
1483,validation
1484,test
1485,validation
1486,train
1487,test
1488,train
1489,train
1490,validation
1491,test
1492,validation
1493,test
1494,train
1495,train
1496,validation
1497,test
1498,train
1499,train
1500,test
1501,train
1502,train
1503,train
1504,validation
1505,train
1506,train
1507,validation
1508,train
1509,validation
1510,train
1511,validation
1512,validation
1513,train
1514,train
1515,validation
1516,validation
1517,train
1518,train
1519,train
1520,validation
1521,train
1522,test
1523,train
1524,validation
1525,validation
1526,train
1527,test
1528,test
1529,train
1530,train
1531,validation
1532,validation
1533,train
1534,train
1535,test
1536,train
1537,train
1538,train
1539,test
1540,train
1541,train
1542,train
1543,validation
1544,test
1545,train
1546,validation
1547,validation
1548,train
1549,train
1550,train
1551,validation
1552,test
1553,train
1554,train
1555,train
1556,validation
1557,validation
1558,train
1559,train
1560,test
1561,validation
1562,train
1563,train
1564,train
1565,train
1566,test
1567,test
1568,test
1569,validation
1570,train
1571,train
1572,train
1573,train
1574,train
1575,train
1576,train
1577,train
1578,train
1579,test
1580,test
1581,validation
1582,validation
1583,validation
1584,train
1585,train
1586,train
1587,train
1588,test
1589,train
1590,train
1591,train
1592,test
1593,validation
1594,train
1595,train
1596,train
1597,validation
1598,train
1599,train
1600,train
1601,train
1602,validation
1603,test
1604,train
1605,train
1606,train
1607,validation
1608,train
1609,train
1610,test
1611,train
1612,validation
1613,train
1614,train
1615,test
1616,train
1617,train
1618,train
1619,train
1620,train
1621,train
1622,train
1623,validation
1624,validation
1625,validation
1626,train
1627,test
1628,validation
1629,validation
1630,validation
1631,train
1632,test
1633,validation
1634,train
1635,test
1636,train
1637,train
1638,test
1639,train
1640,train
1641,validation
1642,train
1643,validation
1644,train
1645,train
1646,train
1647,train
1648,validation
1649,train
1650,test
1651,train
1652,train
1653,train
1654,validation
1655,test
1656,validation
1657,train
1658,train
1659,train
1660,test
1661,train
1662,train
1663,test
1664,validation
1665,test
1666,train
1667,train
1668,train
1669,train
1670,train
1671,test
1672,validation
1673,train
1674,validation
1675,test
1676,test
1677,train
1678,train
1679,test
1680,train
1681,train
1682,train
1683,train
1684,train
1685,test
1686,train
1687,train
1688,train
1689,train
1690,test
1691,train
1692,validation
1693,train
1694,train
1695,train
1696,train
1697,train
1698,train
1699,train
1700,train
1701,validation
1702,train
1703,test
1704,train
1705,train
1706,test
1707,test
1708,test
1709,train
1710,train
1711,validation
1712,validation
1713,validation
1714,train
1715,validation
1716,train
1717,train
1718,validation
1719,train
1720,train
1721,validation
1722,validation
1723,train
1724,test
1725,train
1726,validation
1727,train
1728,train
1729,train
1730,train
1731,train
1732,train
1733,train
1734,validation
1735,test
1736,train
1737,train
1738,test
1739,validation
1740,train
1741,validation
1742,train
1743,validation
1744,test
1745,train
1746,train
1747,validation
1748,validation
1749,train
1750,train
1751,train
1752,train
1753,validation
1754,test
1755,validation
1756,test
1757,train
1758,test
1759,test
1760,test
1761,validation
1762,train
1763,train
1764,train
1765,train
1766,train
1767,train
1768,validation
1769,test
1770,train
1771,train
1772,train
1773,train
1774,test
1775,validation
1776,train
1777,train
1778,validation
1779,train
1780,validation
1781,train
1782,train
1783,train
1784,train
1785,test
1786,validation
1787,train
1788,validation
1789,test
1790,train
1791,validation
1792,train
1793,train
1794,validation
1795,test
1796,test
1797,train
1798,validation
1799,train
1800,train
1801,train
1802,train
1803,train
1804,train
1805,train
1806,train
1807,train
1808,validation
1809,validation
1810,train
1811,train
1812,train
1813,train
1814,test
1815,train
1816,train
1817,train
1818,test
1819,train
1820,validation
1821,train
1822,test
1823,train
1824,train
1825,train
1826,test
1827,train
1828,train
1829,validation
1830,train
1831,test
1832,train
1833,train
1834,train
1835,train
1836,test
1837,train
1838,test
1839,train
1840,train
1841,test
1842,train
1843,train
1844,test
1845,test
1846,train
1847,train
1848,train
1849,validation
1850,train
1851,validation
1852,validation
1853,train
1854,validation
1855,train
1856,train
1857,train
1858,train
1859,train
1860,validation
1861,test
1862,train
1863,train
1864,train
1865,train
1866,train
1867,train
1868,validation
1869,train
1870,train
1871,train
1872,train
1873,train
1874,train
1875,validation
1876,validation
1877,train
1878,train
1879,train
1880,train
1881,train
1882,train
1883,train
1884,train
1885,train
1886,train
1887,train
1888,validation
1889,test
1890,train
1891,validation
1892,train
1893,train
1894,train
1895,test
1896,train
1897,train
1898,validation
1899,train
1900,train
1901,train
1902,train
1903,test
1904,train
1905,train
1906,train
1907,train
1908,train
1909,train
1910,train
1911,train
1912,test
1913,train
1914,train
1915,validation
1916,train
1917,train
1918,train
1919,train
1920,validation
1921,validation
1922,train
1923,train
1924,train
1925,train
1926,validation
1927,train
1928,train
1929,train
1930,validation
1931,validation
1932,train
1933,test
1934,test
1935,train
1936,test
1937,train
1938,validation
1939,validation
1940,train
1941,train
1942,validation
1943,test
1944,validation
1945,train
1946,train
1947,validation
1948,train
1949,validation
1950,test
1951,train
1952,test
1953,train
1954,train
1955,train
1956,train
1957,test
1958,train
1959,train
1960,train
1961,test
1962,test
1963,train
1964,train
1965,train
1966,train
1967,test
1968,train
1969,train
1970,train
1971,train
1972,train
1973,test
1974,train
1975,train
1976,train
1977,test
1978,train
1979,test
1980,train
1981,train
1982,test
1983,train
1984,train
1985,train
1986,train
1987,validation
1988,train
1989,test
1990,test
1991,train
1992,validation
1993,train
1994,train
1995,test
1996,train
1997,validation
1998,train
1999,train
2000,train
2001,train
2002,train
2003,validation
2004,test
2005,validation
2006,train
2007,train
2008,validation
2009,test
2010,train
2011,train
2012,train
2013,train
2014,train
2015,train
2016,test
2017,train
2018,validation
2019,validation
2020,train
2021,train
2022,train
2023,train
2024,test
2025,train
2026,validation
2027,train
2028,train
2029,train
2030,train
2031,test
2032,train
2033,train
2034,validation
2035,test
2036,validation
2037,test
2038,train
2039,validation
2040,train
2041,train
2042,train
2043,train
2044,train
2045,train
2046,test
2047,train
2048,train
2049,train
2050,validation
2051,train
2052,train
2053,test
2054,validation
2055,test
2056,train
2057,train
2058,train
2059,train
2060,validation
2061,validation
2062,validation
2063,train
2064,train
2065,validation
2066,train
2067,train
2068,validation
2069,train
2070,train
2071,test
2072,validation
2073,train
2074,test
2075,train
2076,train
2077,test
2078,train
2079,train
2080,test
2081,test
2082,test
2083,test
2084,validation
2085,validation
2086,test
2087,train
2088,validation
2089,train
2090,train
2091,test
2092,test
2093,test
2094,train
2095,train
2096,train
2097,validation
2098,validation
2099,train
2100,train
2101,train
2102,test
2103,train
2104,test
2105,train
2106,train
2107,train
2108,validation
2109,train
2110,test
2111,train
2112,train
2113,train
2114,test
2115,train
2116,train
2117,test
2118,train
2119,train
2120,train
2121,train
2122,validation
2123,train
2124,train
2125,train
2126,validation
2127,train
2128,train
2129,train
2130,train
2131,train
2132,train
2133,validation
2134,test
2135,validation
2136,train
2137,train
2138,train
2139,validation
2140,test
2141,train
2142,test
2143,validation
2144,validation
2145,train
2146,train
2147,validation
2148,train
2149,train
2150,train
2151,test
2152,test
2153,validation
2154,train
2155,test
2156,test
2157,test
2158,train
2159,train
2160,test
2161,validation
2162,train
2163,train
2164,train
2165,train
2166,train
2167,validation
2168,train
2169,validation
2170,train
2171,test
2172,test
2173,validation
2174,train
2175,train
2176,test
2177,validation
2178,train
2179,validation
2180,train
2181,train
2182,train
2183,validation
2184,test
2185,train
2186,train
2187,validation
2188,test
2189,train
2190,train
2191,validation
2192,train
2193,train
2194,validation
2195,test
2196,train
2197,train
2198,validation
2199,train
2200,train
2201,test
2202,train
2203,train
2204,test
2205,validation
2206,train
2207,test
2208,train
2209,train
2210,train
2211,train
2212,validation
2213,train
2214,test
2215,test
2216,test
2217,train
2218,train
2219,train
2220,test
2221,train
2222,train
2223,train
2224,train
2225,train
2226,test
2227,train
2228,train
2229,test
2230,train
2231,train
2232,train
2233,train
2234,train
2235,train
2236,train
2237,validation
2238,test
2239,validation
2240,train
2241,test
2242,validation
2243,train
2244,test
2245,train
2246,test
2247,test
2248,test
2249,train
2250,validation
2251,train
2252,test
2253,train
2254,test
2255,test
2256,test
2257,train
2258,train
2259,train
2260,validation
2261,train
2262,test
2263,train
2264,validation
2265,train
2266,train
2267,train
2268,test
2269,test
2270,train
2271,test
2272,train
2273,train
2274,train
2275,test
2276,train
2277,validation
2278,train
2279,train
2280,train
2281,validation
2282,train
2283,train
2284,train
2285,test
2286,train
2287,train
2288,train
2289,validation
2290,train
2291,train
2292,test
2293,train
2294,train
2295,train
2296,train
2297,train
2298,train
2299,train
2300,train
2301,test
2302,train
2303,train
2304,train
2305,train
2306,validation
2307,test
2308,validation
2309,train
2310,train
2311,test
2312,train
2313,train
2314,train
2315,test
2316,train
2317,train
2318,test
2319,train
2320,train
2321,train
2322,test
2323,train
2324,train
2325,validation
2326,test
2327,train
2328,train
2329,train
2330,test
2331,validation
2332,train
2333,train
2334,test
2335,train
2336,test
2337,train
2338,train
2339,train
2340,train
2341,validation
2342,train
2343,train
2344,train
2345,validation
2346,validation
2347,validation
2348,validation
2349,train
2350,train
2351,train
2352,validation
2353,train
2354,test
2355,validation
2356,train
2357,train
2358,train
2359,train
2360,validation
2361,test
2362,train
2363,train
2364,train
2365,train
2366,validation
2367,test
2368,train
2369,test
2370,test
2371,test
2372,train
2373,validation
2374,train
2375,test
2376,train
2377,train
2378,validation
2379,validation
2380,train
2381,validation
2382,test
2383,validation
2384,train
2385,train
2386,train
2387,test
2388,train
2389,train
2390,train
2391,test
2392,validation
2393,train
2394,train
2395,train
2396,test
2397,train
2398,train
2399,train
2400,validation
2401,validation
2402,test
2403,train
2404,test
2405,validation
2406,train
2407,validation
2408,train
2409,train
2410,train
2411,train
2412,train
2413,train
2414,validation
2415,train
2416,train
2417,train
2418,test
2419,test
2420,train
2421,validation
2422,test
2423,test
2424,train
2425,validation
2426,test
2427,test
2428,train
2429,train
2430,validation
2431,test
2432,train
2433,test
2434,train
2435,train
2436,train
2437,train
2438,train
2439,validation
2440,train
2441,train
2442,validation
2443,test
2444,test
2445,test
2446,train
2447,train
2448,validation
2449,train
2450,train
2451,train
2452,validation
2453,validation
2454,test
2455,test
2456,train
2457,train
2458,test
2459,train
2460,train
2461,test
2462,train
2463,train
2464,train
2465,train
2466,test
2467,train
2468,train
2469,validation
2470,validation
2471,test
2472,test
2473,train
2474,test
2475,train
2476,train
2477,train
2478,validation
2479,test
2480,test
2481,train
2482,test
2483,train
2484,train
2485,test
2486,train
2487,validation
2488,train
2489,train
2490,test
2491,validation
2492,train
2493,train
2494,test
2495,test
2496,validation
2497,validation
2498,test
2499,train
2500,train
2501,train
2502,train
2503,validation
2504,test
2505,train
2506,train
2507,train
2508,train
2509,test
2510,train
2511,train
2512,train
2513,train
2514,train
2515,validation
2516,train
2517,validation
2518,train
2519,train
2520,train
2521,train
2522,validation
2523,test
2524,train
2525,test
2526,train
2527,train
2528,train
2529,validation
2530,train
2531,validation
2532,train
2533,train
2534,train
2535,train
2536,test
2537,train
2538,validation
2539,test
2540,validation
2541,train
2542,train
2543,validation
2544,test
2545,test
2546,validation
2547,validation
2548,train
2549,validation
2550,train
2551,train
2552,test
2553,test
2554,train
2555,train
2556,train
2557,train
2558,train
2559,validation
2560,test
2561,validation
2562,validation
2563,test
2564,test
2565,train
2566,test
2567,train
2568,train
2569,test
2570,train
2571,train
2572,train
2573,validation
2574,test
2575,train
2576,train
2577,train
2578,train
2579,validation
2580,train
2581,train
2582,test
2583,train
2584,validation
2585,test
2586,train
2587,train
2588,train
2589,train
2590,train
2591,test
2592,validation
2593,train
2594,test
2595,train
2596,validation
2597,train
2598,train
2599,train
2600,validation
2601,validation
2602,train
2603,train
2604,train
2605,test
2606,train
2607,train
2608,test
2609,train
2610,validation
2611,test
2612,train
2613,train
2614,validation
2615,train
2616,test
2617,train
2618,validation
2619,test
2620,train
2621,train
2622,validation
2623,train
2624,train
2625,train
2626,train
2627,validation
2628,train
2629,train
2630,train
2631,train
2632,test
2633,train
2634,train
2635,test
2636,train
2637,train
2638,train
2639,test
2640,test
2641,train
2642,train
2643,test
2644,train
2645,test
2646,train
2647,validation
2648,validation
2649,train
2650,train
2651,validation
2652,validation
2653,train
2654,train
2655,validation
2656,test
2657,test
2658,train
2659,train
2660,validation
2661,test
2662,validation
2663,validation
2664,validation
2665,train
2666,test
2667,train
2668,train
2669,validation
2670,test
2671,train
2672,test
2673,validation
2674,train
2675,test
2676,train
2677,validation
2678,train
2679,train
2680,train
2681,train
2682,validation
2683,test
2684,train
2685,train
2686,train
2687,test
2688,train
2689,test
2690,train
2691,train
2692,validation
2693,validation
2694,train
2695,train
2696,train
2697,train
2698,test
2699,test
2700,train
2701,train
2702,test
2703,test
2704,train
2705,validation
2706,test
2707,test
2708,train
2709,train
2710,test
2711,test
2712,test
2713,test
2714,train
2715,validation
2716,train
2717,train
2718,validation
2719,train
2720,test
2721,train
2722,train
2723,train
2724,test
2725,validation
2726,train
2727,validation
2728,test
2729,validation
2730,train
2731,train
2732,test
2733,train
2734,test
2735,train
2736,train
2737,train
2738,validation
2739,train
2740,validation
2741,train
2742,validation
2743,validation
2744,train
2745,train
2746,train
2747,test
2748,test
2749,train
2750,validation
2751,validation
2752,test
2753,train
2754,train
2755,train
2756,validation
2757,train
2758,validation
2759,test
2760,train
2761,validation
2762,train
2763,train
2764,train
2765,train
2766,train
2767,test
2768,train
2769,train
2770,train
2771,validation
2772,train
2773,validation
2774,train
2775,train
2776,test
2777,test
2778,test
2779,train
2780,validation
2781,test
2782,validation
2783,train
2784,train
2785,train
2786,train
2787,validation
2788,train
2789,train
2790,train
2791,validation
2792,validation
2793,validation
2794,test
2795,validation
2796,train
2797,train
2798,train
2799,validation
2800,train
2801,train
2802,train
2803,train
2804,train
2805,test
2806,train
2807,train
2808,test
2809,train
2810,train
2811,train
2812,train
2813,validation
2814,train
2815,train
2816,train
2817,test
2818,train
2819,train
2820,train
2821,test
2822,train
2823,validation
2824,train
2825,train
2826,validation
2827,test
2828,test
2829,validation
2830,train
2831,train
2832,test
2833,train
2834,test
2835,train
2836,test
2837,test
2838,validation
2839,validation
2840,train
2841,test
2842,train
2843,train
2844,train
2845,validation
2846,validation
2847,train
2848,train
2849,train
2850,train
2851,validation
2852,train
2853,validation
2854,train
2855,test
2856,train
2857,test
2858,train
2859,validation
2860,test
2861,train
2862,train
2863,train
2864,train
2865,train
2866,train
2867,test
2868,validation
2869,train
2870,train
2871,train
2872,train
2873,test
2874,validation
2875,train
2876,train
2877,train
2878,train
2879,train
2880,train
2881,train
2882,train
2883,validation
2884,train
2885,test
2886,test
2887,train
2888,train
2889,train
2890,validation
2891,train
2892,validation
2893,train
2894,train
2895,train
2896,train
2897,train
2898,train
2899,train
2900,train
2901,train
2902,test
2903,train
2904,validation
2905,train
2906,train
2907,train
2908,test
2909,test
2910,test
2911,validation
2912,train
2913,train
2914,validation
2915,train
2916,train
2917,train
2918,train
2919,test
2920,validation
2921,train
2922,train
2923,train
2924,train
2925,validation
2926,validation
2927,train
2928,train
2929,train
2930,train
2931,train
2932,test
2933,train
2934,train
2935,train
2936,train
2937,test
2938,validation
2939,train
2940,test
2941,train
2942,validation
2943,train
2944,train
2945,train
2946,test
2947,train
2948,train
2949,validation
2950,test
2951,train
2952,test
2953,test
2954,train
2955,train
2956,train
2957,train
2958,train
2959,train
2960,train
2961,train
2962,validation
2963,validation
2964,train
2965,train
2966,train
2967,test
2968,validation
2969,train
2970,validation
2971,train
2972,train
2973,train
2974,train
2975,train
2976,validation
2977,test
2978,train
2979,train
2980,train
2981,train
2982,train
2983,train
2984,train
2985,train
2986,train
2987,train
2988,train
2989,train
2990,test
2991,validation
2992,validation
2993,train
2994,train
2995,train
2996,validation
2997,train
2998,test
2999,train
3000,train
3001,train
3002,train
3003,train
3004,test
3005,train
3006,train
3007,test
3008,validation
3009,train
3010,test
3011,train
3012,train
3013,train
3014,train
3015,test
3016,train
3017,train
3018,validation
3019,train
3020,train
3021,train
3022,train
3023,train
3024,validation
3025,train
3026,validation
3027,validation
3028,validation
3029,train
3030,train
3031,test
3032,test
3033,validation
3034,validation
3035,test
3036,validation
3037,train
3038,train
3039,validation
3040,train
3041,train
3042,validation
3043,validation
3044,train
3045,validation
3046,test
3047,train
3048,train
3049,test
3050,train
3051,validation
3052,train
3053,train
3054,train
3055,test
3056,validation
3057,train
3058,test
3059,train
3060,test
3061,test
3062,train
3063,train
3064,train
3065,test
3066,train
3067,train
3068,train
3069,test
3070,test
3071,train
3072,validation
3073,validation
3074,test
3075,train
3076,train
3077,test
3078,validation
3079,train
3080,train
3081,train
3082,train
3083,validation
3084,train
3085,test
3086,train
3087,train
3088,train
3089,train
3090,validation
3091,validation
3092,train
3093,train
3094,train
3095,train
3096,train
3097,validation
3098,train
3099,validation
3100,train
3101,train
3102,test
3103,validation
3104,train
3105,validation
3106,validation
3107,train
3108,train
3109,validation
3110,train
3111,train
3112,validation
3113,test
3114,train
3115,train
3116,test
3117,train
3118,test
3119,test
3120,test
3121,train
3122,test
3123,train
3124,train
3125,test
3126,train
3127,validation
3128,train
3129,test
3130,train
3131,train
3132,test
3133,validation
3134,train
3135,train
3136,train
3137,test
3138,train
3139,validation
3140,train
3141,test
3142,validation
3143,train
3144,train
3145,train
3146,train
3147,test
3148,train
3149,validation
3150,train
3151,validation
3152,test
3153,validation
3154,train
3155,train
3156,validation
3157,train
3158,train
3159,train
3160,train
3161,test
3162,validation
3163,train
3164,train
3165,validation
3166,train
3167,train
3168,train
3169,train
3170,test
3171,train
3172,train
3173,test
3174,train
3175,validation
3176,test
3177,validation
3178,train
3179,train
3180,test
3181,train
3182,validation
3183,train
3184,test
3185,train
3186,train
3187,train
3188,train
3189,test
3190,train
3191,train
3192,train
3193,train
3194,train
3195,validation
3196,train
3197,train
3198,test
3199,test
3200,train
3201,validation
3202,train
3203,test
3204,train
3205,validation
3206,train
3207,test
3208,train
3209,train
3210,train
3211,validation
3212,train
3213,train
3214,train
3215,test
3216,train
3217,train
3218,train
3219,train
3220,train
3221,train
3222,train
3223,train
3224,train
3225,train
3226,validation
3227,validation
3228,train
3229,validation
3230,validation
3231,train
3232,train
3233,train
3234,train
3235,validation
3236,train
3237,test
3238,train
3239,train
3240,train
3241,test
3242,test
3243,train
3244,validation
3245,train
3246,train
3247,train
3248,train
3249,validation
3250,train
3251,test
3252,train
3253,validation
3254,test
3255,train
3256,train
3257,test
3258,train
3259,test
3260,train
3261,train
3262,train
3263,test
3264,train
3265,test
3266,validation
3267,train
3268,validation
3269,train
3270,train
3271,train
3272,validation
3273,train
3274,train
3275,train
3276,validation
3277,train
3278,train
3279,validation
3280,test
3281,train
3282,train
3283,train
3284,test
3285,train
3286,test
3287,train
3288,train
3289,train
3290,validation
3291,validation
3292,train
3293,train
3294,train
3295,test
3296,train
3297,train
3298,train
3299,test
3300,train
3301,validation
3302,train
3303,test
3304,test
3305,train
3306,train
3307,train
3308,validation
3309,validation
3310,test
3311,train
3312,train
3313,train
3314,validation
3315,validation
3316,train
3317,validation
3318,train
3319,train
3320,test
3321,validation
3322,train
3323,validation
3324,validation
3325,train
3326,train
3327,train
3328,validation
3329,train
3330,train
3331,test
3332,test
3333,test
3334,validation
3335,train
3336,train
3337,train
3338,train
3339,train
3340,test
3341,train
3342,test
3343,train
3344,test
3345,train
3346,validation
3347,train
3348,test
3349,test
3350,validation
3351,test
3352,train
3353,validation
3354,validation
3355,train
3356,train
3357,validation
3358,train
3359,validation
3360,validation
3361,train
3362,test
3363,train
3364,train
3365,validation
3366,train
3367,test
3368,train
3369,train
3370,train
3371,test
3372,validation
3373,train
3374,validation
3375,test
3376,train
3377,train
3378,validation
3379,validation
3380,train
3381,train
3382,train
3383,train
3384,test
3385,train
3386,train
3387,validation
3388,train
3389,train
3390,train
3391,train
3392,test
3393,validation
3394,train
3395,validation
3396,train
3397,train
3398,test
3399,train
3400,train
3401,train
3402,train
3403,train
3404,train
3405,test
3406,test
3407,validation
3408,train
3409,validation
3410,train
3411,train
3412,train
3413,train
3414,test
3415,train
3416,validation
3417,train
3418,train
3419,train
3420,validation
3421,train
3422,train
3423,test
3424,test
3425,test
3426,test
3427,train
3428,train
3429,validation
3430,train
3431,train
3432,test
3433,validation
3434,test
3435,train
3436,test
3437,train
3438,train
3439,train
3440,validation
3441,train
3442,test
3443,train
3444,train
3445,train
3446,train
3447,train
3448,validation
3449,train
3450,train
3451,train
3452,train
3453,validation
3454,train
3455,train
3456,train
3457,train
3458,train
3459,train
3460,test
3461,train
3462,train
3463,train
3464,test
3465,train
3466,train
3467,test
3468,validation
3469,test
3470,test
3471,train
3472,validation
3473,train
3474,train
3475,train
3476,test
3477,validation
3478,validation
3479,train
3480,train
3481,validation
3482,train
3483,train
3484,validation
3485,train
3486,validation
3487,train
3488,test
3489,train
3490,train
3491,validation
3492,test
3493,train
3494,validation
3495,train
3496,train
3497,validation
3498,test
3499,train
3500,validation
3501,train
3502,test
3503,test
3504,train
3505,train
3506,validation
3507,validation
3508,validation
3509,train
3510,validation
3511,train
3512,train
3513,test
3514,train
3515,validation
3516,train
3517,validation
3518,train
3519,train
3520,validation
3521,test
3522,train
3523,validation
3524,test
3525,train
3526,train
3527,validation
3528,train
3529,train
3530,train
3531,test
3532,train
3533,test
3534,train
3535,validation
3536,train
3537,test
3538,test
3539,test
3540,train
3541,train
3542,validation
3543,validation
3544,train
3545,train
3546,train
3547,train
3548,validation
3549,train
3550,validation
3551,train
3552,test
3553,train
3554,train
3555,train
3556,test
3557,validation
3558,test
3559,train
3560,train
3561,test
3562,train
3563,train
3564,train
3565,train
3566,validation
3567,train
3568,train
3569,train
3570,train
3571,validation
3572,train
3573,train
3574,train
3575,train
3576,validation
3577,test
3578,train
3579,train
3580,train
3581,train
3582,train
3583,test
3584,test
3585,test
3586,train
3587,train
3588,validation
3589,train
3590,test
3591,train
3592,test
3593,train
3594,test
3595,test
3596,train
3597,train
3598,train
3599,train
3600,validation
3601,validation
3602,train
3603,train
3604,validation
3605,train
3606,validation
3607,train
3608,train
3609,train
3610,train
3611,test
3612,validation
3613,validation
3614,validation
3615,train
3616,train
3617,train
3618,train
3619,train
3620,validation
3621,train
3622,test
3623,train
3624,validation
3625,validation
3626,train
3627,test
3628,train
3629,train
3630,train
3631,validation
3632,train
3633,test
3634,test
3635,train
3636,validation
3637,train
3638,train
3639,validation
3640,validation
3641,train
3642,train
3643,train
3644,train
3645,validation
3646,test
3647,test
3648,validation
3649,train
3650,train
3651,test
3652,validation
3653,train
3654,train
3655,train
3656,train
3657,train
3658,test
3659,train
3660,validation
3661,train
3662,train
3663,test
3664,test
3665,train
3666,validation
3667,train
3668,validation
3669,test
3670,test
3671,train
3672,test
3673,test
3674,train
3675,train
3676,test
3677,train
3678,validation
3679,train
3680,train
3681,validation
3682,validation
3683,train
3684,train
3685,train
3686,test
3687,train
3688,validation
3689,train
3690,test
3691,train
3692,train
3693,train
3694,test
3695,train
3696,train
3697,test
3698,train
3699,train
3700,train
3701,train
3702,test
3703,train
3704,validation
3705,train
3706,train
3707,validation
3708,train
3709,train
3710,validation
3711,train
3712,validation
3713,train
3714,validation
3715,train
3716,train
3717,train
3718,train
3719,test
3720,test
3721,test
3722,train
3723,train
3724,validation
3725,train
3726,test
3727,train
3728,train
3729,test
3730,train
3731,validation
3732,train
3733,validation
3734,train
3735,validation
3736,train
3737,validation
3738,validation
3739,train
3740,validation
3741,train
3742,train
3743,train
3744,train
3745,test
3746,train
3747,train
3748,test
3749,train
3750,validation
3751,train
3752,train
3753,train
3754,validation
3755,test
3756,validation
3757,train
3758,test
3759,test
3760,train
3761,validation
3762,train
3763,train
3764,train
3765,train
3766,train
3767,test
3768,validation
3769,train
3770,train
3771,train
3772,validation
3773,train
3774,validation
3775,train
3776,validation
3777,test
3778,validation
3779,train
3780,validation
3781,test
3782,train
3783,train
3784,train
3785,train
3786,train
3787,train
3788,train
3789,validation
3790,train
3791,test
3792,test
3793,train
3794,test
3795,validation
3796,validation
3797,train
3798,train
3799,validation
3800,train
3801,validation
3802,train
3803,validation
3804,test
3805,train
3806,test
3807,validation
3808,test
3809,validation
3810,train
3811,test
3812,train
3813,train
3814,test
3815,train
3816,train
3817,train
3818,train
3819,test
3820,train
3821,train
3822,train
3823,train
3824,test
3825,validation
3826,validation
3827,train
3828,validation
3829,train
3830,train
3831,train
3832,validation
3833,test
3834,test
3835,train
3836,train
3837,train
3838,test
3839,train
3840,validation
3841,validation
3842,train
3843,test
3844,train
3845,train
3846,train
3847,train
3848,test
3849,validation
3850,train
3851,validation
3852,train
3853,test
3854,validation
3855,train
3856,train
3857,train
3858,validation
3859,train
3860,train
3861,train
3862,train
3863,test
3864,train
3865,test
3866,validation
3867,train
3868,validation
3869,train
3870,train
3871,train
3872,validation
3873,test
3874,test
3875,train
3876,train
3877,train
3878,validation
3879,train
3880,train
3881,train
3882,train
3883,train
3884,train
3885,train
3886,train
3887,test
3888,train
3889,train
3890,train
3891,validation
3892,train
3893,validation
3894,validation
3895,test
3896,validation
3897,train
3898,train
3899,train
3900,train
3901,validation
3902,train
3903,validation
3904,train
3905,train
3906,train
3907,train
3908,train
3909,train
3910,train
3911,train
3912,test
3913,test
3914,train
3915,train
3916,train
3917,test
3918,train
3919,validation
3920,train
3921,validation
3922,train
3923,train
3924,train
3925,train
3926,train
3927,test
3928,train
3929,test
3930,validation
3931,test
3932,train
3933,train
3934,train
3935,train
3936,validation
3937,validation
3938,validation
3939,validation
3940,validation
3941,validation
3942,train
3943,train
3944,train
3945,train
3946,train
3947,test
3948,train
3949,train
3950,train
3951,train
3952,test
3953,train
3954,test
3955,validation
3956,validation
3957,train
3958,train
3959,train
3960,train
3961,train
3962,test
3963,train
3964,train
3965,train
3966,test
3967,train
3968,train
3969,test
3970,validation
3971,train
3972,validation
3973,train
3974,train
3975,train
3976,validation
3977,test
3978,train
3979,validation
3980,validation
3981,test
3982,train
3983,train
3984,validation
3985,validation
3986,train
3987,validation
3988,train
3989,test
3990,train
3991,train
3992,train
3993,validation
3994,train
3995,validation
3996,train
3997,train
3998,train
3999,train
4000,train
4001,train
4002,train
4003,validation
4004,train
4005,train
4006,train
4007,train
4008,test
4009,validation
4010,train
4011,train
4012,train
4013,validation
4014,test
4015,train
4016,validation
4017,train
4018,validation
4019,test
4020,train
4021,train
4022,train
4023,validation
4024,validation
4025,validation
4026,validation
4027,train
4028,train
4029,test
4030,train
4031,train
4032,train
4033,validation
4034,train
4035,test
4036,test
4037,train
4038,validation
4039,test
4040,train
4041,train
4042,train
4043,test
4044,validation
4045,train
4046,validation
4047,train
4048,train
4049,test
4050,train
4051,train
4052,train
4053,validation
4054,train
4055,train
4056,train
4057,train
4058,test
4059,train
4060,train
4061,test
4062,train
4063,train
4064,train
4065,validation
4066,train
4067,train
4068,train
4069,train
4070,train
4071,train
4072,train
4073,test
4074,validation
4075,train
4076,validation
4077,train
4078,train
4079,test
4080,validation
4081,train
4082,train
4083,validation
4084,train
4085,test
4086,train
4087,train
4088,train
4089,train
4090,validation
4091,test
4092,validation
4093,train
4094,validation
4095,test
4096,train
4097,train
4098,train
4099,train
4100,train
4101,train
4102,train
4103,validation
4104,test
4105,test
4106,train
4107,validation
4108,validation
4109,train
4110,train
4111,test
4112,validation
4113,validation
4114,train
4115,validation
4116,validation
4117,train
4118,train
4119,train
4120,train
4121,train
4122,train
4123,train
4124,train
4125,validation
4126,train
4127,train
4128,validation
4129,validation
4130,train
4131,validation
4132,train
4133,train
4134,validation
4135,validation
4136,train
4137,train
4138,train
4139,train
4140,train
4141,train
4142,test
4143,train
4144,train
4145,validation
4146,train
4147,validation
4148,train
4149,train
4150,validation
4151,validation
4152,train
4153,train
4154,test
4155,test
4156,train
4157,validation
4158,test
4159,train
4160,train
4161,train
4162,train
4163,validation
4164,train
4165,train
4166,test
4167,train
4168,validation
4169,train
4170,validation
4171,test
4172,train
4173,validation
4174,train
4175,train
4176,train
4177,validation
4178,train
4179,train
4180,train
4181,validation
4182,validation
4183,train
4184,train
4185,train
4186,train
4187,test
4188,train
4189,validation
4190,train
4191,train
4192,train
4193,train
4194,test
4195,test
4196,train
4197,train
4198,test
4199,train
4200,train
4201,validation
4202,test
4203,train
4204,validation
4205,test
4206,train
4207,train
4208,train
4209,test
4210,test
4211,train
4212,train
4213,train
4214,train
4215,validation
4216,test
4217,train
4218,validation
4219,train
4220,train
4221,train
4222,train
4223,test
4224,train
4225,train
4226,train
4227,test
4228,train
4229,train
4230,test
4231,validation
4232,train
4233,train
4234,train
4235,train
4236,train
4237,validation
4238,train
4239,train
4240,train
4241,test
4242,test
4243,validation
4244,test
4245,validation
4246,train
4247,train
4248,train
4249,train
4250,test
4251,train
4252,train
4253,test
4254,test
4255,train
4256,test
4257,train
4258,train
4259,train
4260,test
4261,train
4262,test
4263,test
4264,train
4265,train
4266,test
4267,train
4268,train
4269,train
4270,test
4271,train
4272,validation
4273,train
4274,train
4275,train
4276,test
4277,test
4278,test
4279,validation
4280,train
4281,train
4282,train
4283,validation
4284,train
4285,train
4286,train
4287,test
4288,validation
4289,validation
4290,test
4291,train
4292,validation
4293,train
4294,train
4295,train
4296,train
4297,train
4298,train
4299,train
4300,train
4301,train
4302,train
4303,validation
4304,train
4305,test
4306,test
4307,validation
4308,train
4309,train
4310,train
4311,test
4312,validation
4313,validation
4314,train
4315,train
4316,train
4317,validation
4318,validation
4319,test
4320,train
4321,validation
4322,train
4323,train
4324,validation
4325,test
4326,validation
4327,test
4328,validation
4329,train
4330,train
4331,train
4332,test
4333,train
4334,validation
4335,train
4336,train
4337,train
4338,test
4339,test
4340,train
4341,validation
4342,train
4343,train
4344,train
4345,test
4346,train
4347,train
4348,train
4349,test
4350,train
4351,test
4352,test
4353,train
4354,train
4355,train
4356,train
4357,test
4358,test
4359,train
4360,test
4361,train
4362,train
4363,validation
4364,train
4365,train
4366,train
4367,test
4368,train
4369,test
4370,train
4371,validation
4372,validation
4373,test
4374,validation
4375,train
4376,train
4377,validation
4378,train
4379,validation
4380,train
4381,train
4382,train
4383,test
4384,train
4385,test
4386,train
4387,train
4388,test
4389,validation
4390,train
4391,train
4392,validation
4393,test
4394,validation
4395,train
4396,test
4397,train
4398,test
4399,test
4400,train
4401,train
4402,test
4403,validation
4404,train
4405,train
4406,validation
4407,validation
4408,train
4409,validation
4410,test
4411,train
4412,train
4413,train
4414,validation
4415,test
4416,test
4417,train
4418,train
4419,test
4420,test
4421,validation
4422,train
4423,train
4424,test
4425,train
4426,train
4427,validation
4428,train
4429,train
4430,train
4431,test
4432,train
4433,test
4434,test
4435,validation
4436,train
4437,test
4438,train
4439,train
4440,train
4441,validation
4442,train
4443,train
4444,train
4445,validation
4446,train
4447,train
4448,validation
4449,train
4450,validation
4451,train
4452,train
4453,train
4454,validation
4455,train
4456,test
4457,train
4458,train
4459,train
4460,train
4461,validation
4462,train
4463,test
4464,validation
4465,train
4466,validation
4467,train
4468,validation
4469,train
4470,train
4471,train
4472,train
4473,train
4474,train
4475,train
4476,validation
4477,train
4478,test
4479,train
4480,train
4481,train
4482,train
4483,validation
4484,train
4485,train
4486,validation
4487,train
4488,test
4489,train
4490,train
4491,validation
4492,train
4493,train
4494,train
4495,train
4496,test
4497,train
4498,validation
4499,train
4500,train
4501,train
4502,test
4503,test
4504,train
4505,train
4506,train
4507,train
4508,train
4509,train
4510,validation
4511,test
4512,train
4513,validation
4514,validation
4515,train
4516,train
4517,test
4518,train
4519,train
4520,train
4521,train
4522,train
4523,train
4524,train
4525,validation
4526,validation
4527,train
4528,test
4529,test
4530,train
4531,validation
4532,validation
4533,train
4534,train
4535,train
4536,test
4537,test
4538,train
4539,train
4540,train
4541,train
4542,train
4543,train
4544,validation
4545,train
4546,train
4547,train
4548,train
4549,validation
4550,train
4551,train
4552,train
4553,train
4554,test
4555,test
4556,train
4557,test
4558,test
4559,test
4560,test
4561,validation
4562,validation
4563,test
4564,train
4565,train
4566,test
4567,train
4568,validation
4569,test
4570,train
4571,validation
4572,train
4573,train
4574,test
4575,test
4576,train
4577,train
4578,train
4579,train
4580,train
4581,test
4582,train
4583,train
4584,train
4585,train
4586,validation
4587,train
4588,train
4589,train
4590,train
4591,test
4592,validation
4593,validation
4594,train
4595,test
4596,train
4597,test
4598,train
4599,train
4600,validation
4601,train
4602,train
4603,train
4604,test
4605,validation
4606,train
4607,train
4608,test
4609,validation
4610,train
4611,train
4612,validation
4613,train
4614,validation
4615,train
4616,train
4617,train
4618,train
4619,validation
4620,test
4621,train
4622,train
4623,train
4624,test
4625,train
4626,train
4627,train
4628,validation
4629,validation
4630,validation
4631,validation
4632,test
4633,train
4634,train
4635,train
4636,test
4637,validation
4638,train
4639,train
4640,validation
4641,train
4642,train
4643,validation
4644,validation
4645,validation
4646,train
4647,train
4648,validation
4649,train
4650,train
4651,train
4652,train
4653,train
4654,train
4655,train
4656,test
4657,train
4658,test
4659,test
4660,test
4661,test
4662,validation
4663,train
4664,train
4665,train
4666,test
4667,train
4668,validation
4669,train
4670,train
4671,train
4672,test
4673,train
4674,train
4675,validation
4676,test
4677,train
4678,test
4679,test
4680,validation
4681,train
4682,train
4683,test
4684,train
4685,train
4686,train
4687,train
4688,train
4689,train
4690,test
4691,train
4692,validation
4693,train
4694,train
4695,validation
4696,train
4697,train
4698,train
4699,validation
4700,validation
4701,train
4702,train
4703,validation
4704,test
4705,train
4706,test
4707,train
4708,test
4709,train
4710,test
4711,train
4712,train
4713,train
4714,train
4715,train
4716,train
4717,train
4718,train
4719,validation
4720,test
4721,train
4722,train
4723,train
4724,train
4725,validation
4726,train
4727,train
4728,validation
4729,train
4730,train
4731,test
4732,train
4733,train
4734,train
4735,test
4736,train
4737,train
4738,train
4739,train
4740,validation
4741,validation
4742,validation
4743,validation
4744,train
4745,train
4746,test
4747,train
4748,validation
4749,train
4750,test
4751,train
4752,test
4753,train
4754,train
4755,train
4756,train
4757,train
4758,train
4759,train
4760,train
4761,validation
4762,test
4763,test
4764,validation
4765,train
4766,test
4767,test
4768,validation
4769,validation
4770,test
4771,validation
4772,test
4773,train
4774,train
4775,validation
4776,test
4777,validation
4778,train
4779,train
4780,validation
4781,validation
4782,validation
4783,train
4784,test
4785,train
4786,test
4787,train
4788,train
4789,train
4790,train
4791,validation
4792,train
4793,test
4794,train
4795,train
4796,train
4797,train
4798,train
4799,train
4800,test
4801,validation
4802,train
4803,train
4804,train
4805,test
4806,train
4807,train
4808,test
4809,train
4810,train
4811,validation
4812,train
4813,train
4814,test
4815,validation
4816,test
4817,train
4818,train
4819,validation
4820,test
4821,train
4822,test
4823,train
4824,train
4825,train
4826,test
4827,train
4828,test
4829,validation
4830,test
4831,test
4832,test
4833,validation
4834,validation
4835,train
4836,validation
4837,validation
4838,train
4839,train
4840,train
4841,test
4842,validation
4843,train
4844,train
4845,train
4846,validation
4847,train
4848,train
4849,train
4850,train
4851,train
4852,train
4853,train
4854,train
4855,train
4856,validation
4857,train
4858,train
4859,train
4860,validation
4861,test
4862,train
4863,test
4864,test
4865,train
4866,validation
4867,train
4868,train
4869,train
4870,train
4871,train
4872,test
4873,train
4874,train
4875,train
4876,train
4877,train
4878,test
4879,train
4880,train
4881,validation
4882,train
4883,train
4884,train
4885,test
4886,train
4887,test
4888,train
4889,train
4890,test
4891,train
4892,test
4893,test
4894,train
4895,validation
4896,test
4897,train
4898,test
4899,train
4900,train
4901,test
4902,test
4903,train
4904,train
4905,test
4906,train
4907,test
4908,train
4909,train
4910,train
4911,validation
4912,train
4913,train
4914,train
4915,test
4916,train
4917,validation
4918,validation
4919,test
4920,validation
4921,test
4922,train
4923,test
4924,validation
4925,train
4926,validation
4927,train
4928,train
4929,train
4930,train
4931,validation
4932,train
4933,test
4934,train
4935,test
4936,train
4937,validation
4938,train
4939,train
4940,train
4941,train
4942,validation
4943,test
4944,test
4945,train
4946,train
4947,train
4948,validation
4949,train
4950,train
4951,train
4952,train
4953,train
4954,train
4955,train
4956,test
4957,train
4958,test
4959,validation
4960,train
4961,train
4962,validation
4963,train
4964,test
4965,test
4966,train
4967,test
4968,train
4969,train
4970,test
4971,train
4972,train
4973,test
4974,validation
4975,train
4976,train
4977,train
4978,validation
4979,train
4980,train
4981,train
4982,train
4983,train
4984,validation
4985,train
4986,train
4987,train
4988,validation
4989,train
4990,validation
4991,validation
4992,train
4993,test
4994,validation
4995,validation
4996,train
4997,test
4998,test
4999,train
5000,train
5001,test
5002,test
5003,train
5004,train
5005,train
5006,train
5007,train
5008,validation
5009,test
5010,validation
5011,validation
5012,test
5013,train
5014,validation
5015,validation
5016,test
5017,validation
5018,train
5019,train
5020,train
5021,test
5022,train
5023,test
5024,validation
5025,test
5026,train
5027,validation
5028,train
5029,validation
5030,train
5031,train
5032,train
5033,train
5034,train
5035,test
5036,train
5037,test
5038,validation
5039,train
5040,train
5041,train
5042,train
5043,validation
5044,test
5045,train
5046,validation
5047,train
5048,train
5049,test
5050,validation
5051,validation
5052,validation
5053,test
5054,train
5055,train
5056,train
5057,test
5058,train
5059,train
5060,train
5061,train
5062,train
5063,test
5064,validation
5065,test
5066,train
5067,train
5068,train
5069,train
5070,validation
5071,validation
5072,train
5073,train
5074,train
5075,validation
5076,train
5077,validation
5078,validation
5079,validation
5080,train
5081,train
5082,validation
5083,validation
5084,train
5085,validation
5086,validation
5087,validation
5088,train
5089,test
5090,train
5091,train
5092,train
5093,train
5094,train
5095,validation
5096,train
5097,train
5098,train
5099,test
5100,train
5101,test
5102,train
5103,validation
5104,test
5105,train
5106,test
5107,validation
5108,train
5109,train
5110,train
5111,train
5112,train
5113,train
5114,test
5115,validation
5116,train
5117,validation
5118,train
5119,train
5120,train
5121,test
5122,test
5123,train
5124,train
5125,train
5126,train
5127,train
5128,test
5129,train
5130,train
5131,validation
5132,train
5133,validation
5134,train
5135,train
5136,train
5137,validation
5138,train
5139,train
5140,train
5141,test
5142,validation
5143,test
5144,train
5145,validation
5146,train
5147,train
5148,test
5149,test
5150,train
5151,train
5152,train
5153,train
5154,validation
5155,train
5156,validation
5157,train
5158,train
5159,train
5160,test
5161,train
5162,train
5163,validation
5164,validation
5165,train
5166,train
5167,test
5168,validation
5169,train
5170,train
5171,test
5172,train
5173,test
5174,train
5175,test
5176,train
5177,train
5178,test
5179,train
5180,train
5181,train
5182,train
5183,test
5184,train
5185,train
5186,train
5187,train
5188,train
5189,train
5190,validation
5191,train
5192,train
5193,test
5194,validation
5195,validation
5196,train
5197,validation
5198,train
5199,train
5200,train
5201,train
5202,train
5203,validation
5204,train
5205,validation
5206,train
5207,train
5208,train
5209,train
5210,train
5211,validation
5212,train
5213,validation
5214,train
5215,train
5216,train
5217,validation
5218,train
5219,train
5220,train
5221,train
5222,train
5223,train
5224,train
5225,train
5226,validation
5227,train
5228,train
5229,train
5230,train
5231,train
5232,validation
5233,train
5234,validation
5235,train
5236,train
5237,train
5238,validation
5239,train
5240,train
5241,train
5242,train
5243,validation
5244,train
5245,train
5246,train
5247,train
5248,train
5249,test
5250,train
5251,test
5252,validation
5253,train
5254,test
5255,train
5256,train
5257,train
5258,validation
5259,validation
5260,train
5261,test
5262,test
5263,train
5264,test
5265,train
5266,train
5267,train
5268,train
5269,train
5270,validation
5271,train
5272,train
5273,train
5274,train
5275,validation
5276,train
5277,train
5278,train
5279,train
5280,train
5281,train
5282,validation
5283,validation
5284,test
5285,test
5286,test
5287,test
5288,test
5289,train
5290,validation
5291,train
5292,train
5293,test
5294,train
5295,train
5296,train
5297,test
5298,train
5299,train
5300,train
5301,train
5302,train
5303,validation
5304,train
5305,validation
5306,train
5307,validation
5308,validation
5309,train
5310,train
5311,train
5312,test
5313,train
5314,test
5315,test
5316,test
5317,train
5318,train
5319,train
5320,train
5321,test
5322,train
5323,train
5324,validation
5325,test
5326,train
5327,validation
5328,test
5329,test
5330,validation
5331,validation
5332,train
5333,train
5334,validation
5335,train
5336,train
5337,train
5338,train
5339,train
5340,train
5341,train
5342,train
5343,validation
5344,test
5345,train
5346,train
5347,train
5348,train
5349,train
5350,test
5351,train
5352,train
5353,test
5354,train
5355,train
5356,test
5357,train
5358,train
5359,train
5360,test
5361,test
5362,test
5363,validation
5364,train
5365,train
5366,train
5367,test
5368,train
5369,train
5370,train
5371,validation
5372,validation
5373,train
5374,train
5375,validation
5376,train
5377,train
5378,train
5379,test
5380,train
5381,train
5382,validation
5383,train
5384,train
5385,train
5386,train
5387,train
5388,train
5389,train
5390,train
5391,train
5392,test
5393,validation
5394,train
5395,train
5396,validation
5397,train
5398,train
5399,train
5400,train
5401,train
5402,train
5403,train
5404,train
5405,test
5406,train
5407,train
5408,train
5409,test
5410,train
5411,train
5412,validation
5413,test
5414,test
5415,test
5416,train
5417,train
5418,train
5419,train
5420,train
5421,train
5422,train
5423,test
5424,train
5425,train
5426,train
5427,validation
5428,validation
5429,train
5430,train
5431,train
5432,train
5433,validation
5434,validation
5435,train
5436,train
5437,train
5438,test
5439,train
5440,test
5441,train
5442,test
5443,validation
5444,validation
5445,train
5446,train
5447,validation
5448,validation
5449,train
5450,test
5451,train
5452,train
5453,validation
5454,validation
5455,train
5456,train
5457,train
5458,train
5459,validation
5460,test
5461,train
5462,test
5463,train
5464,train
5465,train
5466,test
5467,validation
5468,train
5469,validation
5470,train
5471,train
5472,train
5473,validation
5474,validation
5475,validation
5476,validation
5477,validation
5478,test
5479,train
5480,validation
5481,train
5482,train
5483,validation
5484,train
5485,train
5486,train
5487,train
5488,train
5489,train
5490,train
5491,train
5492,train
5493,test
5494,train
5495,train
5496,train
5497,train
5498,train
5499,train
5500,test
5501,validation
5502,train
5503,train
5504,validation
5505,test
5506,validation
5507,train
5508,train
5509,train
5510,train
5511,train
5512,train
5513,train
5514,train
5515,validation
5516,validation
5517,test
5518,validation
5519,train
5520,test
5521,train
5522,train
5523,train
5524,train
5525,train
5526,train
5527,validation
5528,train
5529,train
5530,train
5531,train
5532,test
5533,validation
5534,train
5535,train
5536,train
5537,train
5538,train
5539,validation
5540,validation
5541,train
5542,train
5543,train
5544,train
5545,train
5546,validation
5547,test
5548,train
5549,train
5550,train
5551,train
5552,train
5553,test
5554,test
5555,train
5556,train
5557,test
5558,train
5559,train
5560,train
5561,train
5562,train
5563,validation
5564,validation
5565,test
5566,train
5567,validation
5568,train
5569,train
5570,train
5571,train
5572,validation
5573,train
5574,test
5575,train
5576,validation
5577,test
5578,train
5579,train
5580,train
5581,train
5582,train
5583,validation
5584,train
5585,train
5586,train
5587,train
5588,train
5589,test
5590,test
5591,train
5592,test
5593,test
5594,train
5595,test
5596,train
5597,train
5598,validation
5599,train
5600,train
5601,validation
5602,train
5603,train
5604,test
5605,validation
5606,validation
5607,train
5608,validation
5609,train
5610,validation
5611,validation
5612,train
5613,train
5614,test
5615,validation
5616,test
5617,train
5618,validation
5619,train
5620,train
5621,validation
5622,validation
5623,train
5624,validation
5625,test
5626,test
5627,test
5628,train
5629,validation
5630,validation
5631,train
5632,train
5633,train
5634,test
5635,validation
5636,validation
5637,validation
5638,validation
5639,train
5640,train
5641,train
5642,train
5643,train
5644,test
5645,train
5646,train
5647,train
5648,validation
5649,validation
5650,train
5651,validation
5652,train
5653,train
5654,train
5655,validation
5656,train
5657,validation
5658,train
5659,validation
5660,validation
5661,validation
5662,train
5663,train
5664,train
5665,train
5666,train
5667,train
5668,test
5669,train
5670,validation
5671,test
5672,train
5673,train
5674,train
5675,validation
5676,test
5677,test
5678,test
5679,validation
5680,test
5681,train
5682,train
5683,train
5684,validation
5685,test
5686,train
5687,train
5688,test
5689,train
5690,train
5691,train
5692,test
5693,train
5694,test
5695,train
5696,train
5697,train
5698,validation
5699,validation
5700,validation
5701,train
5702,train
5703,train
5704,test
5705,train
5706,train
5707,test
5708,train
5709,validation
5710,train
5711,train
5712,validation
5713,train
5714,test
5715,validation
5716,train
5717,test
5718,train
5719,train
5720,validation
5721,train
5722,train
5723,test
5724,train
5725,train
5726,train
5727,validation
5728,validation
5729,train
5730,test
5731,train
5732,train
5733,train
5734,train
5735,train
5736,train
5737,train
5738,validation
5739,test
5740,train
5741,test
5742,validation
5743,train
5744,validation
5745,test
5746,train
5747,train
5748,validation
5749,train
5750,test
5751,test
5752,train
5753,train
5754,validation
5755,train
5756,train
5757,train
5758,train
5759,train
5760,train
5761,test
5762,test
5763,test
5764,test
5765,test
5766,train
5767,test
5768,validation
5769,test
5770,train
5771,train
5772,validation
5773,train
5774,train
5775,train
5776,validation
5777,train
5778,test
5779,train
5780,train
5781,train
5782,train
5783,train
5784,train
5785,train
5786,train
5787,test
5788,validation
5789,train
5790,test
5791,train
5792,train
5793,train
5794,train
5795,train
5796,test
5797,train
5798,train
5799,train
5800,train
5801,train
5802,train
5803,test
5804,train
5805,test
5806,train
5807,validation
5808,train
5809,train
5810,train
5811,validation
5812,train
5813,train
5814,test
5815,validation
5816,train
5817,train
5818,train
5819,train
5820,train
5821,train
5822,train
5823,test
5824,test
5825,train
5826,validation
5827,validation
5828,test
5829,train
5830,train
5831,train
5832,train
5833,train
5834,train
5835,validation
5836,train
5837,validation
5838,train
5839,train
5840,test
5841,train
5842,test
5843,validation
5844,test
5845,validation
5846,train
5847,train
5848,train
5849,validation
5850,train
5851,train
5852,test
5853,train
5854,train
5855,train
5856,train
5857,train
5858,train
5859,validation
5860,train
5861,train
5862,validation
5863,train
5864,train
5865,train
5866,train
5867,test
5868,train
5869,validation
5870,train
5871,train
5872,train
5873,test
5874,train
5875,train
5876,test
5877,validation
5878,validation
5879,train
5880,train
5881,train
5882,train
5883,validation
5884,validation
5885,train
5886,train
5887,train
5888,test
5889,train
5890,train
5891,train
5892,train
5893,train
5894,test
5895,train
5896,validation
5897,validation
5898,train
5899,train
5900,train
5901,validation
5902,train
5903,train
5904,train
5905,train
5906,validation
5907,validation
5908,validation
5909,test
5910,test
5911,train
5912,train
5913,train
5914,test
5915,test
5916,train
5917,train
5918,train
5919,train
5920,train
5921,train
5922,test
5923,train
5924,train
5925,validation
5926,train
5927,validation
5928,validation
5929,validation
5930,test
5931,train
5932,test
5933,train
5934,train
5935,validation
5936,test
5937,validation
5938,validation
5939,validation
5940,validation
5941,test
5942,train
5943,train
5944,train
5945,train
5946,test
5947,test
5948,validation
5949,test
5950,train
5951,validation
5952,train
5953,train
5954,validation
5955,test
5956,train
5957,test
5958,validation
5959,test
5960,train
5961,train
5962,train
5963,train
5964,train
5965,test
5966,validation
5967,train
5968,train
5969,test
5970,validation
5971,train
5972,test
5973,train
5974,train
5975,train
5976,test
5977,validation
5978,train
5979,test
5980,validation
5981,test
5982,train
5983,train
5984,train
5985,test
5986,train
5987,test
5988,test
5989,test
5990,train
5991,train
5992,train
5993,train
5994,train
5995,train
5996,train
5997,train
5998,train
5999,train
6000,train
6001,train
6002,train
6003,train
6004,train
6005,train
6006,train
6007,train
6008,validation
6009,train
6010,train
6011,validation
6012,train
6013,test
6014,test
6015,validation
6016,train
6017,validation
6018,validation
6019,validation
6020,train
6021,train
6022,train
6023,validation
6024,test
6025,train
6026,test
6027,train
6028,train
6029,train
6030,validation
6031,train
6032,train
6033,train
6034,train
6035,train
6036,train
6037,train
6038,test
6039,train
6040,train
6041,train
6042,train
6043,train
6044,train
6045,train
6046,train
6047,test
6048,train
6049,train
6050,train
6051,validation
6052,train
6053,train
6054,train
6055,train
6056,validation
6057,train
6058,train
6059,validation
6060,test
6061,test
6062,test
6063,train
6064,train
6065,train
6066,test
6067,train
6068,test
6069,test
6070,test
6071,train
6072,train
6073,test
6074,train
6075,train
6076,train
6077,test
6078,train
6079,train
6080,train
6081,train
6082,train
6083,validation
6084,train
6085,train
6086,test
6087,train
6088,train
6089,train
6090,test
6091,train
6092,validation
6093,train
6094,train
6095,test
6096,train
6097,validation
6098,train
6099,train
6100,validation
6101,train
6102,train
6103,test
6104,train
6105,train
6106,train
6107,test
6108,train
6109,train
6110,test
6111,train
6112,train
6113,train
6114,validation
6115,train
6116,train
6117,validation
6118,train
6119,test
6120,test
6121,train
6122,validation
6123,validation
6124,train
6125,train
6126,train
6127,validation
6128,train
6129,train
6130,test
6131,train
6132,train
6133,train
6134,test
6135,train
6136,test
6137,train
6138,train
6139,train
6140,train
6141,test
6142,train
6143,train
6144,train
6145,train
6146,train
6147,train
6148,train
6149,train
6150,train
6151,train
6152,test
6153,train
6154,validation
6155,validation
6156,test
6157,train
6158,validation
6159,validation
6160,validation
6161,test
6162,test
6163,test
6164,validation
6165,train
6166,test
6167,train
6168,test
6169,train
6170,train
6171,train
6172,train
6173,train
6174,test
6175,train
6176,test
6177,train
6178,test
6179,test
6180,train
6181,validation
6182,train
6183,train
6184,validation
6185,validation
6186,test
6187,train
6188,train
6189,train
6190,train
6191,train
6192,validation
6193,train
6194,validation
6195,train
6196,train
6197,train
6198,train
6199,test
6200,train
6201,train
6202,test
6203,train
6204,train
6205,validation
6206,train
6207,validation
6208,train
6209,train
6210,train
6211,validation
6212,test
6213,validation
6214,train
6215,train
6216,test
6217,validation
6218,test
6219,train
6220,validation
6221,validation
6222,validation
6223,test
6224,train
6225,train
6226,train
6227,train
6228,test
6229,test
6230,train
6231,train
6232,train
6233,train
6234,train
6235,train
6236,train
6237,test
6238,test
6239,train
6240,test
6241,train
6242,test
6243,train
6244,test
6245,test
6246,train
6247,validation
6248,validation
6249,train
6250,validation
6251,train
6252,test
6253,train
6254,train
6255,train
6256,train
6257,train
6258,train
6259,validation
6260,validation
6261,validation
6262,test
6263,validation
6264,test
6265,train
6266,train
6267,validation
6268,train
6269,train
6270,train
6271,train
6272,test
6273,test
6274,train
6275,train
6276,train
6277,test
6278,train
6279,train
6280,train
6281,train
6282,validation
6283,train
6284,train
6285,test
6286,train
6287,train
6288,test
6289,train
6290,train
6291,validation
6292,validation
6293,validation
6294,train
6295,train
6296,train
6297,train
6298,validation
6299,train
6300,train
6301,train
6302,train
6303,train
6304,validation
6305,test
6306,train
6307,test
6308,train
6309,test
6310,train
6311,train
6312,train
6313,train
6314,validation
6315,test
6316,test
6317,train
6318,train
6319,train
6320,test
6321,train
6322,train
6323,train
6324,train
6325,validation
6326,train
6327,validation
6328,validation
6329,test
6330,train
6331,train
6332,train
6333,train
6334,train
6335,test
6336,test
6337,train
6338,test
6339,train
6340,train
6341,train
6342,test
6343,train
6344,train
6345,validation
6346,train
6347,train
6348,test
6349,validation
6350,validation
6351,train
6352,test
6353,test
6354,test
6355,test
6356,test
6357,train
6358,train
6359,validation
6360,train
6361,train
6362,train
6363,train
6364,train
6365,train
6366,train
6367,test
6368,train
6369,train
6370,train
6371,test
6372,train
6373,validation
6374,test
6375,test
6376,validation
6377,train
6378,train
6379,train
6380,train
6381,validation
6382,train
6383,test
6384,validation
6385,train
6386,test
6387,test
6388,train
6389,train
6390,train
6391,test
6392,train
6393,validation
6394,validation
6395,train
6396,test
6397,train
6398,test
6399,train
6400,train
6401,train
6402,train
6403,validation
6404,test
6405,validation
6406,validation
6407,train
6408,train
6409,validation
6410,train
6411,train
6412,test
6413,train
6414,validation
6415,test
6416,validation
6417,train
6418,train
6419,train
6420,train
6421,train
6422,train
6423,train
6424,test
6425,validation
6426,test
6427,train
6428,test
6429,train
6430,validation
6431,test
6432,train
6433,validation
6434,train
6435,train
6436,train
6437,test
6438,train
6439,train
6440,train
6441,train
6442,train
6443,test
6444,validation
6445,train
6446,validation
6447,validation
6448,train
6449,train
6450,train
6451,test
6452,test
6453,train
6454,train
6455,train
6456,test
6457,validation
6458,validation
6459,train
6460,validation
6461,validation
6462,train
6463,train
6464,test
6465,train
6466,validation
6467,validation
6468,train
6469,validation
6470,train
6471,test
6472,validation
6473,train
6474,test
6475,train
6476,train
6477,train
6478,train
6479,train
6480,train
6481,train
6482,train
6483,train
6484,train
6485,validation
6486,train
6487,test
6488,validation
6489,train
6490,test
6491,train
6492,test
6493,train
6494,test
6495,train
6496,test
6497,test
6498,test
6499,test
6500,validation
6501,validation
6502,train
6503,validation
6504,train
6505,train
6506,train
6507,train
6508,train
6509,train
6510,train
6511,train
6512,train
6513,validation
6514,validation
6515,test
6516,test
6517,train
6518,validation
6519,train
6520,train
6521,train
6522,validation
6523,validation
6524,test
6525,test
6526,test
6527,train
6528,train
6529,train
6530,test
6531,validation
6532,validation
6533,validation
6534,validation
6535,train
6536,train
6537,test
6538,test
6539,train
6540,validation
6541,train
6542,train
6543,train
6544,validation
6545,validation
6546,train
6547,train
6548,test
6549,train
6550,train
6551,train
6552,train
6553,train
6554,train
6555,test
6556,train
6557,train
6558,validation
6559,train
6560,test
6561,train
6562,train
6563,validation
6564,test
6565,test
6566,test
6567,train
6568,train
6569,train
6570,test
6571,validation
6572,test
6573,test
6574,validation
6575,train
6576,validation
6577,validation
6578,train
6579,train
6580,train
6581,train
6582,train
6583,test
6584,validation
6585,validation
6586,validation
6587,test
6588,validation
6589,validation
6590,test
6591,train
6592,test
6593,validation
6594,test
6595,validation
6596,train
6597,train
6598,validation
6599,train
6600,test
6601,train
6602,validation
6603,train
6604,test
6605,train
6606,validation
6607,train
6608,train
6609,test
6610,train
6611,train
6612,train
6613,train
6614,train
6615,train
6616,train
6617,train
6618,validation
6619,validation
6620,train
6621,train
6622,test
6623,train
6624,train
6625,train
6626,validation
6627,train
6628,validation
6629,train
6630,train
6631,train
6632,validation
6633,train
6634,test
6635,train
6636,train
6637,train
6638,train
6639,train
6640,validation
6641,train
6642,train
6643,train
6644,train
6645,train
6646,train
6647,train
6648,train
6649,validation
6650,train
6651,train
6652,train
6653,train
6654,test
6655,test
6656,test
6657,test
6658,test
6659,validation
6660,validation
6661,train
6662,train
6663,train
6664,validation
6665,train
6666,test
6667,train
6668,train
6669,train
6670,train
6671,test
6672,train
6673,train
6674,train
6675,train
6676,train
6677,train
6678,train
6679,test
6680,train
6681,train
6682,validation
6683,validation
6684,validation
6685,train
6686,train
6687,train
6688,train
6689,train
6690,train
6691,train
6692,validation
6693,train
6694,train
6695,test
6696,train
6697,train
6698,train
6699,train
6700,test
6701,train
6702,train
6703,train
6704,train
6705,train
6706,train
6707,train
6708,validation
6709,train
6710,train
6711,train
6712,test
6713,train
6714,train
6715,train
6716,train
6717,validation
6718,test
6719,validation
6720,validation
6721,validation
6722,train
6723,test
6724,validation
6725,test
6726,validation
6727,validation
6728,train
6729,train
6730,test
6731,train
6732,test
6733,test
6734,train
6735,test
6736,train
6737,test
6738,test
6739,test
6740,train
6741,validation
6742,validation
6743,train
6744,validation
6745,test
6746,test
6747,validation
6748,test
6749,train
6750,train
6751,test
6752,test
6753,test
6754,train
6755,train
6756,train
6757,train
6758,train
6759,train
6760,test
6761,train
6762,test
6763,train
6764,validation
6765,train
6766,train
6767,train
6768,validation
6769,train
6770,validation
6771,train
6772,train
6773,train
6774,train
6775,train
6776,train
6777,train
6778,train
6779,train
6780,train
6781,train
6782,test
6783,train
6784,validation
6785,train
6786,train
6787,train
6788,validation
6789,train
6790,test
6791,validation
6792,test
6793,train
6794,test
6795,train
6796,validation
6797,train
6798,validation
6799,train
6800,validation
6801,train
6802,train
6803,validation
6804,test
6805,train
6806,train
6807,train
6808,train
6809,test
6810,train
6811,test
6812,train
6813,train
6814,train
6815,train
6816,train
6817,test
6818,train
6819,validation
6820,test
6821,validation
6822,test
6823,validation
6824,train
6825,train
6826,train
6827,train
6828,train
6829,train
6830,train
6831,train
6832,validation
6833,train
6834,train
6835,test
6836,test
6837,validation
6838,train
6839,train
6840,train
6841,train
6842,train
6843,train
6844,validation
6845,validation
6846,validation
6847,train
6848,train
6849,train
6850,test
6851,validation
6852,validation
6853,train
6854,test
6855,train
6856,train
6857,train
6858,test
6859,test
6860,train
6861,train
6862,train
6863,train
6864,validation
6865,train
6866,train
6867,validation
6868,test
6869,train
6870,train
6871,train
6872,train
6873,test
6874,validation
6875,validation
6876,test
6877,train
6878,train
6879,train
6880,train
6881,validation
6882,train
6883,test
6884,train
6885,train
6886,train
6887,train
6888,train
6889,train
6890,train
6891,train
6892,train
6893,validation
6894,train
6895,test
6896,validation
6897,validation
6898,validation
6899,test
6900,validation
6901,validation
6902,train
6903,test
6904,train
6905,train
6906,train
6907,train
6908,test
6909,test
6910,train
6911,validation
6912,validation
6913,validation
6914,train
6915,train
6916,train
6917,train
6918,train
6919,validation
6920,train
6921,test
6922,train
6923,validation
6924,train
6925,train
6926,train
6927,train
6928,train
6929,test
6930,validation
6931,train
6932,train
6933,train
6934,test
6935,train
6936,train
6937,train
6938,train
6939,test
6940,train
6941,train
6942,validation
6943,test
6944,train
6945,train
6946,train
6947,test
6948,train
6949,train
6950,train
6951,train
6952,test
6953,train
6954,train
6955,train
6956,train
6957,train
6958,validation
6959,train
6960,test
6961,train
6962,test
6963,train
6964,train
6965,validation
6966,train
6967,validation
6968,train
6969,train
6970,test
6971,train
6972,train
6973,train
6974,train
6975,validation
6976,train
6977,train
6978,test
6979,train
6980,train
6981,train
6982,train
6983,train
6984,train
6985,validation
6986,test
6987,train
6988,train
6989,test
6990,test
6991,test
6992,train
6993,test
6994,train
6995,validation
6996,test
6997,train
6998,test
6999,train
7000,train
7001,train
7002,test
7003,test
7004,train
7005,test
7006,train
7007,test
7008,test
7009,train
7010,test
7011,test
7012,validation
7013,validation
7014,train
7015,train
7016,train
7017,train
7018,test
7019,train
7020,validation
7021,train
7022,train
7023,train
7024,test
7025,test
7026,validation
7027,validation
7028,train
7029,validation
7030,train
7031,validation
7032,train
7033,test
7034,train
7035,train
7036,train
7037,train
7038,train
7039,test
7040,test
7041,train
7042,validation
7043,train
7044,validation
7045,train
7046,test
7047,train
7048,train
7049,test
7050,train
7051,validation
7052,validation
7053,train
7054,validation
7055,test
7056,train
7057,train
7058,train
7059,test
7060,train
7061,test
7062,train
7063,train
7064,validation
7065,train
7066,train
7067,train
7068,test
7069,train
7070,train
7071,test
7072,train
7073,test
7074,validation
7075,validation
7076,validation
7077,train
7078,train
7079,train
7080,train
7081,validation
7082,train
7083,train
7084,train
7085,train
7086,train
7087,train
7088,train
7089,test
7090,train
7091,test
7092,test
7093,test
7094,train
7095,test
7096,train
7097,train
7098,train
7099,train
7100,train
7101,validation
7102,train
7103,train
7104,test
7105,validation
7106,train
7107,train
7108,validation
7109,train
7110,validation
7111,train
7112,validation
7113,train
7114,train
7115,test
7116,validation
7117,train
7118,validation
7119,train
7120,train
7121,train
7122,test
7123,test
7124,train
7125,train
7126,train
7127,test
7128,train
7129,train
7130,validation
7131,train
7132,test
7133,test
7134,train
7135,train
7136,train
7137,train
7138,train
7139,test
7140,train
7141,train
7142,validation
7143,train
7144,test
7145,train
7146,train
7147,test
7148,train
7149,validation
7150,train
7151,validation
7152,train
7153,train
7154,test
7155,test
7156,train
7157,test
7158,validation
7159,train
7160,train
7161,train
7162,test
7163,test
7164,train
7165,validation
7166,validation
7167,validation
7168,test
7169,train
7170,test
7171,train
7172,test
7173,validation
7174,train
7175,test
7176,train
7177,train
7178,train
7179,validation
7180,validation
7181,train
7182,validation
7183,train
7184,validation
7185,validation
7186,train
7187,train
7188,test
7189,train
7190,validation
7191,test
7192,validation
7193,validation
7194,validation
7195,test
7196,test
7197,validation
7198,test
7199,train
7200,train
7201,train
7202,train
7203,train
7204,train
7205,train
7206,validation
7207,test
7208,train
7209,train
7210,train
7211,validation
7212,train
7213,train
7214,train
7215,train
7216,train
7217,validation
7218,train
7219,train
7220,train
7221,train
7222,train
7223,validation
7224,train
7225,train
7226,train
7227,train
7228,validation
7229,train
7230,train
7231,train
7232,test
7233,test
7234,validation
7235,train
7236,test
7237,validation
7238,train
7239,train
7240,train
7241,test
7242,train
7243,test
7244,train
7245,validation
7246,train
7247,test
7248,train
7249,train
7250,validation
7251,validation
7252,validation
7253,train
7254,train
7255,test
7256,test
7257,train
7258,test
7259,train
7260,test
7261,train
7262,train
7263,train
7264,validation
7265,validation
7266,test
7267,validation
7268,train
7269,test
7270,test
7271,train
7272,train
7273,train
7274,validation
7275,train
7276,train
7277,train
7278,train
7279,train
7280,validation
7281,validation
7282,train
7283,test
7284,train
7285,test
7286,train
7287,train
7288,train
7289,test
7290,test
7291,train
7292,train
7293,train
7294,train
7295,train
7296,train
7297,validation
7298,test
7299,test
7300,validation
7301,train
7302,train
7303,train
7304,train
7305,test
7306,train
7307,train
7308,train
7309,validation
7310,validation
7311,train
7312,validation
7313,validation
7314,test
7315,test
7316,train
7317,test
7318,validation
7319,train
7320,test
7321,train
7322,test
7323,validation
7324,train
7325,train
7326,validation
7327,test
7328,validation
7329,train
7330,validation
7331,validation
7332,train
7333,test
7334,test
7335,train
7336,train
7337,train
7338,train
7339,train
7340,train
7341,validation
7342,test
7343,train
7344,train
7345,train
7346,validation
7347,test
7348,train
7349,train
7350,train
7351,validation
7352,train
7353,validation
7354,test
7355,train
7356,train
7357,validation
7358,train
7359,test
7360,train
7361,validation
7362,validation
7363,validation
7364,train
7365,train
7366,validation
7367,train
7368,train
7369,validation
7370,test
7371,train
7372,train
7373,test
7374,train
7375,test
7376,train
7377,test
7378,validation
7379,train
7380,validation
7381,train
7382,train
7383,train
7384,train
7385,train
7386,train
7387,train
7388,train
7389,validation
7390,train
7391,test
7392,train
7393,train
7394,test
7395,train
7396,train
7397,validation
7398,train
7399,validation
7400,train
7401,test
7402,test
7403,test
7404,train
7405,test
7406,train
7407,train
7408,train
7409,validation
7410,train
7411,test
7412,train
7413,test
7414,train
7415,train
7416,train
7417,test
7418,train
7419,test
7420,train
7421,test
7422,train
7423,train
7424,train
7425,train
7426,train
7427,train
7428,train
7429,train
7430,train
7431,validation
7432,train
7433,train
7434,test
7435,validation
7436,train
7437,test
7438,validation
7439,test
7440,train
7441,validation
7442,test
7443,train
7444,validation
7445,test
7446,train
7447,train
7448,train
7449,test
7450,train
7451,validation
7452,train
7453,validation
7454,test
7455,validation
7456,train
7457,train
7458,train
7459,train
7460,train
7461,test
7462,validation
7463,train
7464,test
7465,train
7466,train
7467,test
7468,train
7469,validation
7470,train
7471,validation
7472,test
7473,train
7474,validation
7475,train
7476,train
7477,test
7478,test
7479,train
7480,validation
7481,train
7482,train
7483,validation
7484,validation
7485,validation
7486,validation
7487,train
7488,test
7489,validation
7490,test
7491,validation
7492,validation
7493,train
7494,train
7495,validation
7496,train
7497,validation
7498,train
7499,test
7500,train
7501,validation
7502,train
7503,train
7504,validation
7505,train
7506,test
7507,validation
7508,train
7509,train
7510,train
7511,train
7512,test
7513,train
7514,validation
7515,train
7516,validation
7517,test
7518,test
7519,train
7520,train
7521,validation
7522,validation
7523,validation
7524,train
7525,train
7526,train
7527,train
7528,test
7529,train
7530,train
7531,test
7532,validation
7533,train
7534,test
7535,validation
7536,validation
7537,test
7538,validation
7539,train
7540,train
7541,test
7542,train
7543,test
7544,train
7545,train
7546,train
7547,train
7548,test
7549,validation
7550,train
7551,train
7552,train
7553,validation
7554,train
7555,train
7556,train
7557,validation
7558,train
7559,train
7560,validation
7561,train
7562,train
7563,test
7564,train
7565,train
7566,train
7567,test
7568,train
7569,train
7570,train
7571,train
7572,train
7573,validation
7574,train
7575,train
7576,test
7577,train
7578,train
7579,train
7580,train
7581,test
7582,validation
7583,train
7584,train
7585,train
7586,train
7587,validation
7588,train
7589,validation
7590,test
7591,train
7592,train
7593,test
7594,test
7595,validation
7596,train
7597,test
7598,train
7599,train
7600,train
7601,validation
7602,validation
7603,test
7604,train
7605,test
7606,train
7607,test
7608,train
7609,train
7610,train
7611,train
7612,test
7613,test
7614,train
7615,train
7616,train
7617,train
7618,test
7619,train
7620,train
7621,train
7622,train
7623,train
7624,validation
7625,train
7626,train
7627,train
7628,train
7629,train
7630,validation
7631,train
7632,validation
7633,train
7634,train
7635,validation
7636,train
7637,test
7638,train
7639,train
7640,train
7641,train
7642,train
7643,train
7644,train
7645,train
7646,validation
7647,train
7648,train
7649,train
7650,train
7651,validation
7652,train
7653,test
7654,train
7655,test
7656,validation
7657,train
7658,test
7659,train
7660,test
7661,test
7662,train
7663,train
7664,train
7665,train
7666,test
7667,train
7668,train
7669,test
7670,train
7671,validation
7672,validation
7673,train
7674,train
7675,train
7676,train
7677,train
7678,train
7679,test
7680,train
7681,validation
7682,test
7683,validation
7684,train
7685,train
7686,train
7687,train
7688,validation
7689,validation
7690,train
7691,train
7692,train
7693,train
7694,train
7695,train
7696,validation
7697,test
7698,train
7699,validation
7700,train
7701,train
7702,train
7703,train
7704,validation
7705,test
7706,validation
7707,validation
7708,train
7709,train
7710,validation
7711,train
7712,test
7713,train
7714,test
7715,train
7716,test
7717,test
7718,train
7719,train
7720,test
7721,train
7722,train
7723,train
7724,train
7725,train
7726,train
7727,train
7728,train
7729,test
7730,train
7731,train
7732,train
7733,validation
7734,validation
7735,train
7736,train
7737,train
7738,train
7739,train
7740,validation
7741,train
7742,train
7743,train
7744,train
7745,train
7746,validation
7747,train
7748,train
7749,train
7750,test
7751,test
7752,train
7753,validation
7754,train
7755,validation
7756,train
7757,validation
7758,train
7759,train
7760,test
7761,train
7762,train
7763,train
7764,train
7765,validation
7766,train
7767,train
7768,train
7769,train
7770,train
7771,train
7772,train
7773,train
7774,test
7775,train
7776,train
7777,test
7778,test
7779,test
7780,train
7781,train
7782,validation
7783,train
7784,train
7785,test
7786,test
7787,train
7788,train
7789,train
7790,train
7791,train
7792,train
7793,train
7794,validation
7795,test
7796,test
7797,train
7798,train
7799,test
7800,validation
7801,validation
7802,train
7803,test
7804,train
7805,train
7806,validation
7807,train
7808,validation
7809,train
7810,train
7811,train
7812,train
7813,train
7814,train
7815,test
7816,validation
7817,validation
7818,train
7819,validation
7820,validation
7821,train
7822,train
7823,train
7824,validation
7825,train
7826,validation
7827,validation
7828,train
7829,validation
7830,train
7831,validation
7832,train
7833,validation
7834,train
7835,validation
7836,train
7837,validation
7838,test
7839,train
7840,train
7841,test
7842,train
7843,validation
7844,train
7845,train
7846,validation
7847,train
7848,train
7849,train
7850,validation
7851,validation
7852,test
7853,validation
7854,train
7855,train
7856,test
7857,train
7858,test
7859,validation
7860,train
7861,train
7862,validation
7863,train
7864,test
7865,train
7866,train
7867,test
7868,validation
7869,train
7870,train
7871,train
7872,train
7873,validation
7874,train
7875,train
7876,train
7877,validation
7878,validation
7879,train
7880,train
7881,validation
7882,train
7883,validation
7884,train
7885,test
7886,train
7887,train
7888,train
7889,train
7890,train
7891,test
7892,test
7893,validation
7894,train
7895,validation
7896,validation
7897,validation
7898,validation
7899,train
7900,train
7901,validation
7902,train
7903,train
7904,test
7905,validation
7906,train
7907,train
7908,train
7909,train
7910,train
7911,train
7912,train
7913,validation
7914,train
7915,test
7916,test
7917,train
7918,test
7919,validation
7920,train
7921,validation
7922,test
7923,train
7924,train
7925,train
7926,train
7927,train
7928,train
7929,test
7930,validation
7931,train
7932,test
7933,validation
7934,train
7935,test
7936,train
7937,train
7938,test
7939,test
7940,train
7941,validation
7942,train
7943,train
7944,train
7945,validation
7946,test
7947,train
7948,test
7949,train
7950,train
7951,train
7952,validation
7953,train
7954,train
7955,train
7956,test
7957,train
7958,train
7959,test
7960,test
7961,train
7962,train
7963,validation
7964,train
7965,train
7966,train
7967,validation
7968,train
7969,train
7970,train
7971,validation
7972,train
7973,train
7974,test
7975,test
7976,validation
7977,train
7978,train
7979,train
7980,train
7981,train
7982,train
7983,test
7984,train
7985,train
7986,train
7987,train
7988,validation
7989,train
7990,train
7991,train
7992,train
7993,train
7994,train
7995,train
7996,validation
7997,validation
7998,train
7999,train
8000,validation
8001,train
8002,validation
8003,train
8004,test
8005,test
8006,train
8007,train
8008,train
8009,train
8010,train
8011,train
8012,train
8013,train
8014,train
8015,validation
8016,train
8017,train
8018,train
8019,train
8020,train
8021,test
8022,validation
8023,test
8024,validation
8025,train
8026,train
8027,validation
8028,validation
8029,train
8030,train
8031,train
8032,train
8033,validation
8034,test
8035,train
8036,train
8037,train
8038,test
8039,train
8040,train
8041,train
8042,train
8043,train
8044,test
8045,test
8046,train
8047,test
8048,validation
8049,test
8050,train
8051,train
8052,validation
8053,train
8054,train
8055,train
8056,test
8057,train
8058,validation
8059,train
8060,train
8061,validation
8062,test
8063,train
8064,validation
8065,test
8066,train
8067,test
8068,train
8069,train
8070,train
8071,train
8072,test
8073,test
8074,validation
8075,train
8076,test
8077,train
8078,train
8079,train
8080,train
8081,test
8082,validation
8083,train
8084,train
8085,train
8086,test
8087,train
8088,train
8089,train
8090,train
8091,test
8092,test
8093,validation
8094,train
8095,train
8096,train
8097,train
8098,validation
8099,train
8100,train
8101,test
8102,train
8103,train
8104,train
8105,validation
8106,train
8107,train
8108,test
8109,train
8110,train
8111,validation
8112,validation
8113,validation
8114,train
8115,validation
8116,train
8117,test
8118,test
8119,test
8120,test
8121,test
8122,test
8123,train
8124,train
8125,train
8126,train
8127,train
8128,train
8129,test
8130,test
8131,train
8132,train
8133,train
8134,train
8135,train
8136,train
8137,train
8138,validation
8139,train
8140,train
8141,train
8142,test
8143,train
8144,test
8145,train
8146,validation
8147,test
8148,test
8149,test
8150,test
8151,validation
8152,train
8153,validation
8154,validation
8155,train
8156,train
8157,train
8158,train
8159,validation
8160,train
8161,train
8162,validation
8163,validation
8164,validation
8165,test
8166,train
8167,validation
8168,train
8169,validation
8170,test
8171,test
8172,test
8173,validation
8174,train
8175,train
8176,test
8177,train
8178,validation
8179,test
8180,train
8181,test
8182,train
8183,train
8184,test
8185,validation
8186,train
8187,test
8188,test
8189,validation
8190,validation
8191,train
8192,train
8193,train
8194,validation
8195,train
8196,train
8197,train
8198,validation
8199,test
8200,train
8201,train
8202,train
8203,train
8204,train
8205,test
8206,validation
8207,test
8208,train
8209,train
8210,train
8211,train
8212,train
8213,train
8214,train
8215,test
8216,validation
8217,validation
8218,validation
8219,test
8220,validation
8221,test
8222,train
8223,validation
8224,validation
8225,test
8226,train
8227,test
8228,test
8229,validation
8230,train
8231,train
8232,train
8233,train
8234,validation
8235,train
8236,train
8237,train
8238,train
8239,train
8240,train
8241,train
8242,train
8243,train
8244,train
8245,validation
8246,train
8247,train
8248,train
8249,validation
8250,train
8251,train
8252,validation
8253,train
8254,test
8255,test
8256,validation
8257,train
8258,train
8259,train
8260,test
8261,train
8262,validation
8263,train
8264,validation
8265,validation
8266,train
8267,test
8268,validation
8269,train
8270,train
8271,train
8272,train
8273,test
8274,test
8275,validation
8276,train
8277,train
8278,train
8279,train
8280,test
8281,train
8282,train
8283,train
8284,test
8285,train
8286,train
8287,validation
8288,train
8289,test
8290,train
8291,test
8292,train
8293,test
8294,train
8295,train
8296,test
8297,train
8298,train
8299,train
8300,test
8301,train
8302,test
8303,validation
8304,train
8305,train
8306,validation
8307,train
8308,train
8309,train
8310,train
8311,test
8312,train
8313,test
8314,train
8315,train
8316,train
8317,test
8318,test
8319,train
8320,train
8321,test
8322,train
8323,train
8324,train
8325,test
8326,train
8327,train
8328,train
8329,train
8330,validation
8331,train
8332,test
8333,train
8334,validation
8335,train
8336,validation
8337,train
8338,train
8339,validation
8340,validation
8341,train
8342,train
8343,train
8344,test
8345,train
8346,train
8347,train
8348,train
8349,train
8350,test
8351,validation
8352,test
8353,train
8354,train
8355,test
8356,train
8357,test
8358,validation
8359,train
8360,train
8361,validation
8362,train
8363,validation
8364,train
8365,validation
8366,validation
8367,train
8368,train
8369,train
8370,train
8371,train
8372,train
8373,test
8374,train
8375,train
8376,train
8377,train
8378,train
8379,test
8380,validation
8381,train
8382,train
8383,validation
8384,train
8385,train
8386,validation
8387,train
8388,train
8389,test
8390,train
8391,validation
8392,train
8393,validation
8394,train
8395,train
8396,validation
8397,train
8398,train
8399,train
8400,train
8401,test
8402,validation
8403,train
8404,test
8405,train
8406,validation
8407,train
8408,train
8409,train
8410,test
8411,train
8412,train
8413,train
8414,train
8415,train
8416,train
8417,validation
8418,train
8419,validation
8420,train
8421,validation
8422,train
8423,test
8424,validation
8425,train
8426,validation
8427,train
8428,train
8429,train
8430,train
8431,train
8432,test
8433,test
8434,train
8435,test
8436,train
8437,train
8438,train
8439,test
8440,train
8441,train
8442,test
8443,validation
8444,validation
8445,train
8446,validation
8447,test
8448,train
8449,train
8450,train
8451,test
8452,train
8453,validation
8454,test
8455,train
8456,train
8457,train
8458,train
8459,train
8460,train
8461,train
8462,validation
8463,train
8464,test
8465,test
8466,test
8467,train
8468,validation
8469,test
8470,train
8471,test
8472,train
8473,validation
8474,train
8475,validation
8476,train
8477,train
8478,test
8479,train
8480,validation
8481,test
8482,train
8483,validation
8484,train
8485,validation
8486,train
8487,train
8488,train
8489,test
8490,test
8491,validation
8492,train
8493,train
8494,train
8495,test
8496,train
8497,test
8498,test
8499,train
8500,train
8501,test
8502,validation
8503,train
8504,validation
8505,train
8506,train
8507,train
8508,train
8509,train
8510,train
8511,train
8512,validation
8513,train
8514,test
8515,train
8516,validation
8517,train
8518,validation
8519,validation
8520,train
8521,test
8522,train
8523,test
8524,train
8525,train
8526,train
8527,train
8528,test
8529,train
8530,test
8531,train
8532,train
8533,train
8534,train
8535,train
8536,validation
8537,test
8538,train
8539,train
8540,test
8541,train
8542,test
8543,train
8544,validation
8545,validation
8546,train
8547,validation
8548,train
8549,train
8550,test
8551,train
8552,train
8553,train
8554,train
8555,train
8556,validation
8557,train
8558,train
8559,train
8560,test
8561,train
8562,test
8563,train
8564,train
8565,train
8566,test
8567,test
8568,train
8569,test
8570,test
8571,train
8572,train
8573,validation
8574,test
8575,test
8576,train
8577,validation
8578,train
8579,train
8580,test
8581,train
8582,train
8583,train
8584,test
8585,validation
8586,train
8587,train
8588,train
8589,train
8590,validation
8591,validation
8592,train
8593,train
8594,train
8595,train
8596,train
8597,train
8598,train
8599,train
8600,test
8601,train
8602,train
8603,train
8604,validation
8605,validation
8606,train
8607,validation
8608,train
8609,test
8610,validation
8611,train
8612,train
8613,train
8614,validation
8615,train
8616,train
8617,test
8618,train
8619,validation
8620,train
8621,train
8622,validation
8623,train
8624,train
8625,train
8626,train
8627,validation
8628,train
8629,train
8630,train
8631,train
8632,train
8633,test
8634,validation
8635,train
8636,train
8637,train
8638,train
8639,test
8640,train
8641,train
8642,train
8643,test
8644,validation
8645,train
8646,train
8647,train
8648,train
8649,test
8650,train
8651,train
8652,train
8653,train
8654,train
8655,train
8656,train
8657,test
8658,test
8659,train
8660,test
8661,train
8662,validation
8663,test
8664,test
8665,train
8666,train
8667,train
8668,test
8669,train
8670,train
8671,validation
8672,train
8673,validation
8674,train
8675,train
8676,test
8677,train
8678,train
8679,train
8680,train
8681,train
8682,test
8683,train
8684,test
8685,test
8686,train
8687,train
8688,validation
8689,train
8690,test
8691,train
8692,train
8693,train
8694,train
8695,train
8696,validation
8697,train
8698,train
8699,test
8700,train
8701,train
8702,train
8703,train
8704,train
8705,train
8706,validation
8707,train
8708,train
8709,train
8710,train
8711,train
8712,train
8713,train
8714,validation
8715,train
8716,test
8717,train
8718,train
8719,validation
8720,test
8721,train
8722,train
8723,train
8724,test
8725,train
8726,test
8727,test
8728,train
8729,test
8730,train
8731,test
8732,train
8733,train
8734,validation
8735,validation
8736,validation
8737,train
8738,train
8739,test
8740,train
8741,train
8742,train
8743,train
8744,validation
8745,train
8746,train
8747,validation
8748,validation
8749,validation
8750,validation
8751,validation
8752,train
8753,train
8754,test
8755,train
8756,test
8757,train
8758,test
8759,validation
8760,train
8761,test
8762,validation
8763,validation
8764,train
8765,validation
8766,train
8767,train
8768,test
8769,train
8770,train
8771,test
8772,train
8773,train
8774,train
8775,test
8776,validation
8777,train
8778,train
8779,train
8780,test
8781,validation
8782,train
8783,validation
8784,test
8785,train
8786,train
8787,train
8788,test
8789,test
8790,train
8791,validation
8792,train
8793,validation
8794,train
8795,validation
8796,train
8797,train
8798,train
8799,validation
8800,train
8801,train
8802,train
8803,train
8804,test
8805,train
8806,train
8807,validation
8808,validation
8809,test
8810,test
8811,train
8812,test
8813,validation
8814,test
8815,validation
8816,train
8817,validation
8818,test
8819,validation
8820,train
8821,train
8822,test
8823,train
8824,train
8825,train
8826,validation
8827,validation
8828,train
8829,validation
8830,train
8831,train
8832,train
8833,train
8834,test
8835,train
8836,train
8837,test
8838,validation
8839,validation
8840,validation
8841,test
8842,train
8843,validation
8844,train
8845,validation
8846,train
8847,validation
8848,train
8849,train
8850,train
8851,train
8852,train
8853,train
8854,train
8855,validation
8856,test
8857,test
8858,train
8859,train
8860,train
8861,test
8862,train
8863,validation
8864,train
8865,train
8866,test
8867,train
8868,train
8869,validation
8870,validation
8871,train
8872,train
8873,test
8874,test
8875,train
8876,train
8877,train
8878,train
8879,train
8880,train
8881,validation
8882,validation
8883,train
8884,validation
8885,train
8886,train
8887,train
8888,test
8889,validation
8890,test
8891,train
8892,train
8893,train
8894,train
8895,test
8896,train
8897,validation
8898,test
8899,train
8900,train
8901,train
8902,train
8903,test
8904,train
8905,train
8906,train
8907,train
8908,test
8909,train
8910,train
8911,train
8912,validation
8913,train
8914,train
8915,test
8916,train
8917,train
8918,validation
8919,train
8920,train
8921,train
8922,train
8923,train
8924,validation
8925,test
8926,train
8927,train
8928,train
8929,train
8930,validation
8931,train
8932,validation
8933,test
8934,train
8935,train
8936,train
8937,validation
8938,train
8939,train
8940,train
8941,train
8942,train
8943,test
8944,train
8945,train
8946,train
8947,test
8948,test
8949,train
8950,validation
8951,test
8952,validation
8953,train
8954,train
8955,validation
8956,train
8957,validation
8958,test
8959,test
8960,train
8961,train
8962,validation
8963,test
8964,train
8965,train
8966,validation
8967,train
8968,train
8969,validation
8970,train
8971,train
8972,train
8973,train
8974,test
8975,train
8976,train
8977,train
8978,train
8979,train
8980,validation
8981,test
8982,train
8983,test
8984,train
8985,train
8986,train
8987,test
8988,validation
8989,validation
8990,test
8991,test
8992,validation
8993,train
8994,train
8995,train
8996,train
8997,validation
8998,validation
8999,test
9000,test
9001,test
9002,test
9003,test
9004,test
9005,train
9006,train
9007,test
9008,train
9009,train
9010,validation
9011,test
9012,test
9013,test
9014,test
9015,train
9016,test
9017,train
9018,train
9019,validation
9020,train
9021,test
9022,validation
9023,train
9024,train
9025,validation
9026,train
9027,train
9028,train
9029,train
9030,train
9031,test
9032,test
9033,test
9034,train
9035,train
9036,test
9037,test
9038,test
9039,train
9040,train
9041,validation
9042,train
9043,validation
9044,test
9045,test
9046,train
9047,train
9048,train
9049,train
9050,train
9051,test
9052,train
9053,train
9054,train
9055,validation
9056,train
9057,train
9058,train
9059,train
9060,train
9061,validation
9062,test
9063,test
9064,train
9065,train
9066,train
9067,train
9068,validation
9069,train
9070,validation
9071,train
9072,validation
9073,train
9074,test
9075,train
9076,train
9077,validation
9078,train
9079,train
9080,test
9081,train
9082,validation
9083,validation
9084,validation
9085,train
9086,train
9087,validation
9088,train
9089,validation
9090,test
9091,train
9092,test
9093,validation
9094,test
9095,train
9096,test
9097,train
9098,test
9099,train
9100,test
9101,train
9102,train
9103,train
9104,test
9105,validation
9106,test
9107,train
9108,train
9109,train
9110,train
9111,test
9112,train
9113,test
9114,train
9115,train
9116,train
9117,validation
9118,test
9119,validation
9120,validation
9121,validation
9122,train
9123,validation
9124,train
9125,validation
9126,train
9127,train
9128,train
9129,train
9130,train
9131,test
9132,validation
9133,test
9134,train
9135,test
9136,test
9137,test
9138,test
9139,train
9140,train
9141,train
9142,train
9143,test
9144,train
9145,train
9146,train
9147,test
9148,validation
9149,validation
9150,validation
9151,train
9152,validation
9153,train
9154,train
9155,test
9156,train
9157,validation
9158,test
9159,validation
9160,train
9161,train
9162,train
9163,train
9164,validation
9165,train
9166,test
9167,validation
9168,train
9169,train
9170,train
9171,train
9172,train
9173,train
9174,train
9175,validation
9176,validation
9177,train
9178,test
9179,train
9180,train
9181,train
9182,train
9183,test
9184,train
9185,test
9186,train
9187,test
9188,train
9189,test
9190,train
9191,test
9192,test
9193,train
9194,validation
9195,train
9196,train
9197,train
9198,train
9199,validation
9200,train
9201,test
9202,train
9203,train
9204,train
9205,train
9206,test
9207,validation
9208,validation
9209,train
9210,test
9211,test
9212,validation
9213,train
9214,train
9215,validation
9216,test
9217,train
9218,train
9219,test
9220,train
9221,train
9222,train
9223,train
9224,train
9225,validation
9226,train
9227,train
9228,train
9229,train
9230,test
9231,train
9232,validation
9233,validation
9234,test
9235,train
9236,train
9237,test
9238,train
9239,test
9240,train
9241,test
9242,train
9243,train
9244,train
9245,validation
9246,test
9247,test
9248,validation
9249,train
9250,validation
9251,test
9252,test
9253,train
9254,train
9255,validation
9256,validation
9257,train
9258,train
9259,train
9260,validation
9261,validation
9262,train
9263,validation
9264,train
9265,train
9266,validation
9267,train
9268,test
9269,train
9270,train
9271,train
9272,validation
9273,validation
9274,test
9275,test
9276,train
9277,test
9278,validation
9279,train
9280,train
9281,validation
9282,test
9283,validation
9284,validation
9285,test
9286,train
9287,test
9288,validation
9289,train
9290,train
9291,validation
9292,test
9293,validation
9294,train
9295,train
9296,validation
9297,validation
9298,validation
9299,train
9300,train
9301,validation
9302,train
9303,validation
9304,train
9305,train
9306,train
9307,test
9308,validation
9309,validation
9310,test
9311,train
9312,validation
9313,train
9314,validation
9315,test
9316,train
9317,train
9318,train
9319,train
9320,test
9321,validation
9322,train
9323,validation
9324,validation
9325,test
9326,train
9327,validation
9328,train
9329,train
9330,train
9331,validation
9332,validation
9333,train
9334,test
9335,validation
9336,test
9337,train
9338,train
9339,validation
9340,train
9341,train
9342,train
9343,test
9344,train
9345,train
9346,validation
9347,train
9348,validation
9349,train
9350,validation
9351,train
9352,train
9353,train
9354,test
9355,train
9356,validation
9357,test
9358,train
9359,test
9360,train
9361,validation
9362,train
9363,train
9364,train
9365,train
9366,train
9367,train
9368,train
9369,train
9370,train
9371,train
9372,test
9373,train
9374,train
9375,train
9376,train
9377,train
9378,train
9379,train
9380,validation
9381,train
9382,train
9383,train
9384,train
9385,train
9386,test
9387,test
9388,train
9389,train
9390,test
9391,train
9392,train
9393,train
9394,test
9395,train
9396,train
9397,train
9398,train
9399,validation
9400,train
9401,train
9402,test
9403,train
9404,train
9405,train
9406,train
9407,train
9408,train
9409,validation
9410,validation
9411,train
9412,train
9413,train
9414,train
9415,train
9416,train
9417,test
9418,train
9419,train
9420,validation
9421,test
9422,validation
9423,train
9424,validation
9425,validation
9426,test
9427,test
9428,validation
9429,train
9430,train
9431,train
9432,train
9433,validation
9434,train
9435,train
9436,validation
9437,train
9438,validation
9439,train
9440,train
9441,train
9442,train
9443,validation
9444,train
9445,validation
9446,validation
9447,test
9448,test
9449,train
9450,test
9451,test
9452,train
9453,train
9454,validation
9455,train
9456,train
9457,train
9458,train
9459,train
9460,validation
9461,train
9462,train
9463,train
9464,train
9465,test
9466,train
9467,validation
9468,train
9469,train
9470,validation
9471,train
9472,train
9473,train
9474,train
9475,validation
9476,test
9477,train
9478,train
9479,train
9480,test
9481,train
9482,train
9483,train
9484,train
9485,validation
9486,train
9487,validation
9488,validation
9489,validation
9490,test
9491,train
9492,train
9493,test
9494,train
9495,train
9496,test
9497,train
9498,test
9499,train
9500,train
9501,train
9502,train
9503,test
9504,validation
9505,test
9506,train
9507,train
9508,test
9509,train
9510,test
9511,train
9512,train
9513,train
9514,train
9515,validation
9516,train
9517,train
9518,test
9519,train
9520,train
9521,train
9522,test
9523,train
9524,train
9525,train
9526,train
9527,test
9528,validation
9529,test
9530,validation
9531,validation
9532,test
9533,train
9534,train
9535,validation
9536,validation
9537,train
9538,validation
9539,train
9540,train
9541,train
9542,test
9543,train
9544,train
9545,train
9546,validation
9547,train
9548,validation
9549,validation
9550,train
9551,test
9552,train
9553,test
9554,train
9555,test
9556,train
9557,train
9558,train
9559,train
9560,train
9561,validation
9562,train
9563,validation
9564,test
9565,train
9566,train
9567,test
9568,train
9569,validation
9570,test
9571,train
9572,train
9573,train
9574,validation
9575,train
9576,train
9577,validation
9578,train
9579,validation
9580,validation
9581,train
9582,test
9583,validation
9584,train
9585,train
9586,train
9587,train
9588,validation
9589,test
9590,train
9591,validation
9592,train
9593,test
9594,train
9595,validation
9596,validation
9597,test
9598,train
9599,test
9600,validation
9601,validation
9602,test
9603,train
9604,train
9605,validation
9606,train
9607,train
9608,train
9609,validation
9610,test
9611,train
9612,train
9613,train
9614,train
9615,train
9616,train
9617,validation
9618,train
9619,train
9620,train
9621,train
9622,train
9623,test
9624,train
9625,validation
9626,test
9627,train
9628,validation
9629,train
9630,validation
9631,train
9632,train
9633,validation
9634,train
9635,test
9636,train
9637,validation
9638,train
9639,train
9640,train
9641,train
9642,test
9643,train
9644,validation
9645,train
9646,train
9647,train
9648,train
9649,validation
9650,train
9651,validation
9652,train
9653,train
9654,train
9655,train
9656,train
9657,train
9658,train
9659,train
9660,train
9661,validation
9662,train
9663,train
9664,test
9665,train
9666,train
9667,train
9668,validation
9669,validation
9670,test
9671,train
9672,test
9673,validation
9674,validation
9675,validation
9676,train
9677,train
9678,train
9679,test
9680,train
9681,train
9682,test
9683,train
9684,train
9685,train
9686,train
9687,train
9688,train
9689,train
9690,train
9691,train
9692,train
9693,train
9694,train
9695,train
9696,train
9697,validation
9698,train
9699,train
9700,validation
9701,train
9702,train
9703,train
9704,validation
9705,validation
9706,train
9707,validation
9708,validation
9709,validation
9710,validation
9711,train
9712,train
9713,train
9714,test
9715,train
9716,test
9717,validation
9718,train
9719,test
9720,train
9721,train
9722,test
9723,test
9724,train
9725,train
9726,validation
9727,test
9728,train
9729,test
9730,train
9731,validation
9732,train
9733,train
9734,train
9735,validation
9736,train
9737,train
9738,train
9739,train
9740,train
9741,train
9742,train
9743,test
9744,test
9745,train
9746,train
9747,validation
9748,train
9749,train
9750,validation
9751,train
9752,validation
9753,train
9754,train
9755,train
9756,train
9757,train
9758,train
9759,validation
9760,test
9761,test
9762,test
9763,test
9764,train
9765,train
9766,train
9767,test
9768,train
9769,validation
9770,train
9771,train
9772,train
9773,validation
9774,train
9775,train
9776,train
9777,train
9778,train
9779,train
9780,test
9781,train
9782,validation
9783,train
9784,test
9785,train
9786,train
9787,train
9788,train
9789,train
9790,validation
9791,validation
9792,train
9793,validation
9794,train
9795,train
9796,test
9797,validation
9798,test
9799,train
9800,train
9801,validation
9802,test
9803,train
9804,validation
9805,train
9806,validation
9807,train
9808,train
9809,test
9810,train
9811,test
9812,validation
9813,train
9814,train
9815,train
9816,validation
9817,train
9818,train
9819,test
9820,train
9821,train
9822,validation
9823,train
9824,train
9825,train
9826,test
9827,train
9828,test
9829,train
9830,validation
9831,train
9832,validation
9833,validation
9834,train
9835,validation
9836,test
9837,test
9838,test
9839,validation
9840,train
9841,validation
9842,train
9843,train
9844,validation
9845,test
9846,train
9847,train
9848,train
9849,validation
9850,train
9851,validation
9852,train
9853,train
9854,test
9855,train
9856,train
9857,test
9858,test
9859,validation
9860,train
9861,train
9862,validation
9863,validation
9864,train
9865,train
9866,train
9867,validation
9868,train
9869,validation
9870,validation
9871,validation
9872,validation
9873,train
9874,test
9875,train
9876,validation
9877,train
9878,train
9879,train
9880,train
9881,validation
9882,train
9883,test
9884,train
9885,validation
9886,train
9887,validation
9888,train
9889,test
9890,train
9891,test
9892,train
9893,train
9894,train
9895,train
9896,train
9897,train
9898,test
9899,train
9900,train
9901,validation
9902,validation
9903,train
9904,train
9905,train
9906,validation
9907,train
9908,train
9909,train
9910,train
9911,test
9912,test
9913,train
9914,validation
9915,validation
9916,train
9917,train
9918,test
9919,train
9920,train
9921,train
9922,validation
9923,validation
9924,test
9925,train
9926,train
9927,train
9928,train
9929,train
9930,train
9931,train
9932,train
9933,train
9934,test
9935,validation
9936,test
9937,test
9938,train
9939,validation
9940,train
9941,train
9942,test
9943,train
9944,train
9945,validation
9946,train
9947,train
9948,train
9949,train
9950,train
9951,train
9952,train
9953,validation
9954,train
9955,train
9956,train
9957,validation
9958,train
9959,validation
9960,train
9961,test
9962,train
9963,train
9964,train
9965,train
9966,train
9967,test
9968,train
9969,train
9970,test
9971,train
9972,train
9973,test
9974,train
9975,train
9976,train
9977,validation
9978,train
9979,train
9980,validation
9981,train
9982,train
9983,train
9984,train
9985,train
9986,train
9987,train
9988,train
9989,train
9990,train
9991,test
9992,train
9993,train
9994,validation
9995,train
9996,test
9997,train
9998,train
9999,train
10000,train
10001,train
10002,test
10003,train
10004,train
10005,train
10006,train
10007,train
10008,train
10009,train
10010,train
10011,validation
10012,train
10013,train
10014,train
10015,train
10016,train
10017,train
10018,validation
10019,train
10020,test
10021,test
10022,validation
10023,train
10024,test
10025,train
10026,train
10027,validation
10028,train
10029,validation
10030,train
10031,train
10032,train
10033,test
10034,train
10035,train
10036,train
10037,validation
10038,validation
10039,validation
10040,validation
10041,train
10042,train
10043,train
10044,train
10045,test
10046,test
10047,test
10048,train
10049,train
10050,train
10051,train
10052,test
10053,validation
10054,train
10055,validation
10056,train
10057,train
10058,test
10059,train
10060,train
10061,train
10062,train
10063,train
10064,train
10065,test
10066,train
10067,train
10068,train
10069,train
10070,validation
10071,train
10072,train
10073,train
10074,validation
10075,train
10076,test
10077,train
10078,test
10079,test
10080,validation
10081,train
10082,validation
10083,train
10084,validation
10085,train
10086,train
10087,train
10088,test
10089,train
10090,test
10091,train
10092,train
10093,test
10094,train
10095,test
10096,test
10097,validation
10098,train
10099,train
10100,train
10101,validation
10102,train
10103,test
10104,test
10105,train
10106,train
10107,train
10108,validation
10109,train
10110,train
10111,test
10112,train
10113,validation
10114,train
10115,test
10116,train
10117,train
10118,train
10119,train
10120,test
10121,train
10122,train
10123,train
10124,train
10125,train
10126,train
10127,train
10128,validation
10129,train
10130,train
10131,test
10132,validation
10133,train
10134,test
10135,train
10136,test
10137,test
10138,train
10139,test
10140,train
10141,test
10142,train
10143,test
10144,validation
10145,validation
10146,train
10147,validation
10148,train
10149,train
10150,train
10151,validation
10152,train
10153,validation
10154,train
10155,train
10156,train
10157,train
10158,train
10159,train
10160,validation
10161,test
10162,train
10163,train
10164,test
10165,test
10166,train
10167,train
10168,test
10169,train
10170,train
10171,train
10172,validation
10173,train
10174,train
10175,train
10176,train
10177,train
10178,train
10179,train
10180,train
10181,train
10182,validation
10183,train
10184,train
10185,train
10186,test
10187,test
10188,train
10189,validation
10190,train
10191,train
10192,validation
10193,train
10194,train
10195,test
10196,train
10197,validation
10198,train
10199,train
10200,validation
10201,train
10202,train
10203,train
10204,test
10205,train
10206,validation
10207,validation
10208,train
10209,train
10210,train
10211,validation
10212,train
10213,train
10214,train
10215,test
10216,train
10217,train
10218,train
10219,test
10220,validation
10221,train
10222,train
10223,validation
10224,train
10225,validation
10226,train
10227,train
10228,train
10229,train
10230,train
10231,train
10232,train
10233,validation
10234,train
10235,train
10236,validation
10237,train
10238,test
10239,validation
10240,test
10241,train
10242,validation
10243,train
10244,validation
10245,train
10246,validation
10247,test
10248,train
10249,train
10250,validation
10251,train
10252,train
10253,train
10254,validation
10255,test
10256,test
10257,train
10258,test
10259,train
10260,train
10261,train
10262,train
10263,train
10264,train
10265,test
10266,train
10267,train
10268,train
10269,train
10270,train
10271,train
10272,test
10273,train
10274,train
10275,train
10276,validation
10277,train
10278,train
10279,validation
10280,train
10281,train
10282,train
10283,test
10284,train
10285,train
10286,test
10287,validation
10288,test
10289,train
10290,test
10291,validation
10292,validation
10293,train
10294,train
10295,train
10296,test
10297,train
10298,train
10299,validation
10300,train
10301,test
10302,validation
10303,train
10304,test
10305,train
10306,test
10307,train
10308,train
10309,test
10310,train
10311,test
10312,test
10313,train
10314,test
10315,train
10316,train
10317,test
10318,train
10319,train
10320,test
10321,train
10322,train
10323,test
10324,test
10325,test
10326,train
10327,train
10328,validation
10329,test
10330,test
10331,train
10332,train
10333,train
10334,train
10335,train
10336,validation
10337,validation
10338,test
10339,train
10340,train
10341,validation
10342,validation
10343,test
10344,test
10345,validation
10346,train
10347,train
10348,train
10349,train
10350,test
10351,train
10352,validation
10353,validation
10354,train
10355,validation
10356,test
10357,train
10358,test
10359,validation
10360,train
10361,train
10362,train
10363,train
10364,train
10365,train
10366,validation
10367,train
10368,test
10369,train
10370,validation
10371,test
10372,train
10373,test
10374,train
10375,train
10376,test
10377,train
10378,train
10379,train
10380,train
10381,validation
10382,train
10383,train
10384,train
10385,train
10386,test
10387,train
10388,train
10389,test
10390,test
10391,train
10392,train
10393,train
10394,test
10395,train
10396,train
10397,validation
10398,train
10399,train
10400,train
10401,train
10402,train
10403,validation
10404,train
10405,train
10406,train
10407,train
10408,validation
10409,validation
10410,train
10411,train
10412,train
10413,train
10414,train
10415,test
10416,train
10417,test
10418,train
10419,train
10420,train
10421,test
10422,train
10423,train
10424,train
10425,validation
10426,validation
10427,test
10428,train
10429,test
10430,validation
10431,train
10432,train
10433,test
10434,validation
10435,validation
10436,validation
10437,train
10438,train
10439,validation
10440,test
10441,train
10442,train
10443,train
10444,train
10445,train
10446,train
10447,validation
10448,train
10449,validation
10450,test
10451,train
10452,train
10453,train
10454,validation
10455,validation
10456,validation
10457,train
10458,train
10459,train
10460,train
10461,train
10462,train
10463,train
10464,validation
10465,train
10466,test
10467,train
10468,test
10469,train
10470,train
10471,validation
10472,train
10473,validation
10474,validation
10475,train
10476,test
10477,train
10478,validation
10479,validation
10480,train
10481,validation
10482,train
10483,train
10484,test
10485,train
10486,train
10487,train
10488,test
10489,train
10490,validation
10491,test
10492,validation
10493,train
10494,test
10495,train
10496,train
10497,validation
10498,validation
10499,train
10500,train
10501,train
10502,train
10503,train
10504,train
10505,validation
10506,train
10507,validation
10508,test
10509,train
10510,validation
10511,validation
10512,train
10513,train
10514,train
10515,train
10516,train
10517,test
10518,train
10519,test
10520,validation
10521,validation
10522,test
10523,test
10524,validation
10525,train
10526,train
10527,train
10528,train
10529,train
10530,train
10531,test
10532,validation
10533,test
10534,train
10535,validation
10536,train
10537,train
10538,validation
10539,validation
10540,train
10541,train
10542,train
10543,train
10544,validation
10545,test
10546,test
10547,train
10548,train
10549,train
10550,train
10551,test
10552,train
10553,train
10554,train
10555,train
10556,test
10557,train
10558,train
10559,validation
10560,train
10561,validation
10562,train
10563,validation
10564,validation
10565,train
10566,test
10567,train
10568,train
10569,train
10570,train
10571,train
10572,test
10573,train
10574,train
10575,train
10576,test
10577,train
10578,train
10579,validation
10580,test
10581,validation
10582,train
10583,test
10584,train
10585,validation
10586,train
10587,train
10588,validation
10589,train
10590,validation
10591,test
10592,train
10593,test
10594,train
10595,train
10596,validation
10597,validation
10598,train
10599,train
10600,train
10601,train
10602,train
10603,validation
10604,train
10605,validation
10606,train
10607,train
10608,train
10609,validation
10610,validation
10611,test
10612,train
10613,test
10614,validation
10615,test
10616,train
10617,test
10618,train
10619,train
10620,train
10621,test
10622,test
10623,test
10624,train
10625,train
10626,train
10627,validation
10628,train
10629,train
10630,train
10631,validation
10632,train
10633,train
10634,validation
10635,test
10636,test
10637,validation
10638,train
10639,validation
10640,train
10641,train
10642,validation
10643,validation
10644,test
10645,train
10646,validation
10647,validation
10648,train
10649,train
10650,test
10651,train
10652,test
10653,test
10654,train
10655,validation
10656,validation
10657,validation
10658,test
10659,test
10660,train
10661,train
10662,train
10663,validation
10664,test
10665,validation
10666,train
10667,train
10668,train
10669,train
10670,train
10671,test
10672,validation
10673,validation
10674,test
10675,train
10676,train
10677,test
10678,train
10679,train
10680,validation
10681,train
10682,validation
10683,train
10684,validation
10685,train
10686,train
10687,test
10688,train
10689,train
10690,train
10691,train
10692,train
10693,validation
10694,train
10695,train
10696,test
10697,train
10698,train
10699,train
10700,validation
10701,train
10702,train
10703,train
10704,train
10705,train
10706,train
10707,train
10708,train
10709,train
10710,validation
10711,train
10712,train
10713,train
10714,train
10715,test
10716,train
10717,train
10718,test
10719,test
10720,validation
10721,validation
10722,test
10723,train
10724,test
10725,train
10726,validation
10727,test
10728,train
10729,train
10730,train
10731,train
10732,train
10733,test
10734,train
10735,test
10736,test
10737,train
10738,train
10739,test
10740,test
10741,validation
10742,train
10743,test
10744,train
10745,train
10746,test
10747,test
10748,train
10749,validation
10750,validation
10751,train
10752,validation
10753,train
10754,test
10755,test
10756,train
10757,train
10758,test
10759,train
10760,train
10761,test
10762,test
10763,validation
10764,validation
10765,train
10766,train
10767,train
10768,train
10769,train
10770,train
10771,train
10772,train
10773,test
10774,train
10775,train
10776,train
10777,validation
10778,train
10779,validation
10780,train
10781,train
10782,train
10783,test
10784,test
10785,train
10786,validation
10787,train
10788,train
10789,train
10790,test
10791,train
10792,train
10793,train
10794,train
10795,train
10796,test
10797,train
10798,train
10799,train
10800,train
10801,train
10802,validation
10803,validation
10804,train
10805,train
10806,validation
10807,validation
10808,train
10809,train
10810,train
10811,train
10812,train
10813,train
10814,train
10815,test
10816,test
10817,train
10818,train
10819,train
10820,test
10821,train
10822,validation
10823,test
10824,train
10825,test
10826,validation
10827,train
10828,test
10829,train
10830,train
10831,test
10832,validation
10833,train
10834,test
10835,test
10836,validation
10837,test
10838,validation
10839,validation
10840,train
10841,train
10842,validation
10843,validation
10844,train
10845,train
10846,train
10847,train
10848,train
10849,train
10850,train
10851,validation
10852,train
10853,train
10854,train
10855,train
10856,train
10857,train
10858,train
10859,test
10860,train
10861,validation
10862,test
10863,test
10864,train
10865,validation
10866,validation
10867,train
10868,train
10869,train
10870,train
10871,test
10872,train
10873,train
10874,validation
10875,test
10876,test
10877,train
10878,train
10879,test
10880,test
10881,test
10882,train
10883,train
10884,train
10885,test
10886,train
10887,train
10888,test
10889,validation
10890,test
10891,test
10892,validation
10893,train
10894,train
10895,train
10896,validation
10897,validation
10898,train
10899,train
10900,train
10901,train
10902,test
10903,train
10904,train
10905,validation
10906,train
10907,train
10908,test
10909,validation
10910,train
10911,validation
10912,train
10913,validation
10914,train
10915,train
10916,train
10917,train
10918,train
10919,test
10920,train
10921,train
10922,train
10923,train
10924,validation
10925,train
10926,train
10927,test
10928,train
10929,train
10930,validation
10931,validation
10932,train
10933,test
10934,train
10935,train
10936,test
10937,validation
10938,train
10939,validation
10940,train
10941,train
10942,train
10943,test
10944,train
10945,train
10946,train
10947,train
10948,train
10949,train
10950,validation
10951,train
10952,train
10953,train
10954,validation
10955,train
10956,test
10957,test
10958,train
10959,train
10960,validation
10961,train
10962,train
10963,test
10964,train
10965,train
10966,train
10967,train
10968,validation
10969,validation
10970,train
10971,validation
10972,train
10973,test
10974,train
10975,validation
10976,train
10977,train
10978,validation
10979,validation
10980,train
10981,train
10982,train
10983,train
10984,validation
10985,test
10986,validation
10987,train
10988,validation
10989,validation
10990,validation
10991,validation
10992,train
10993,test
10994,train
10995,train
10996,train
10997,train
10998,train
10999,train
11000,train
11001,validation
11002,train
11003,validation
11004,train
11005,test
11006,validation
11007,train
11008,train
11009,train
11010,test
11011,train
11012,train
11013,test
11014,train
11015,validation
11016,train
11017,train
11018,validation
11019,train
11020,train
11021,train
11022,train
11023,train
11024,validation
11025,train
11026,test
11027,train
11028,test
11029,train
11030,test
11031,train
11032,train
11033,train
11034,validation
11035,test
11036,train
11037,validation
11038,validation
11039,train
11040,test
11041,validation
11042,train
11043,test
11044,train
11045,train
11046,test
11047,train
11048,validation
11049,train
11050,test
11051,train
11052,train
11053,train
11054,validation
11055,train
11056,train
11057,train
11058,train
11059,test
11060,test
11061,train
11062,train
11063,train
11064,train
11065,validation
11066,train
11067,validation
11068,test
11069,train
11070,train
11071,train
11072,train
11073,train
11074,train
11075,train
11076,test
11077,test
11078,train
11079,train
11080,test
11081,train
11082,train
11083,train
11084,test
11085,train
11086,train
11087,train
11088,train
11089,train
11090,validation
11091,validation
11092,train
11093,train
11094,train
11095,test
11096,train
11097,train
11098,train
11099,test
11100,train
11101,test
11102,train
11103,validation
11104,train
11105,test
11106,train
11107,train
11108,train
11109,train
11110,test
11111,validation
11112,train
11113,train
11114,train
11115,validation
11116,train
11117,validation
11118,train
11119,train
11120,validation
11121,train
11122,train
11123,validation
11124,train
11125,validation
11126,train
11127,train
11128,validation
11129,validation
11130,train
11131,train
11132,train
11133,train
11134,train
11135,train
11136,train
11137,train
11138,train
11139,train
11140,train
11141,train
11142,test
11143,validation
11144,validation
11145,test
11146,train
11147,train
11148,train
11149,train
11150,test
11151,train
11152,test
11153,train
11154,train
11155,validation
11156,validation
11157,test
11158,validation
11159,train
11160,train
11161,validation
11162,validation
11163,test
11164,validation
11165,train
11166,train
11167,test
11168,train
11169,validation
11170,test
11171,validation
11172,test
11173,train
11174,validation
11175,test
11176,train
11177,train
11178,train
11179,test
11180,train
11181,validation
11182,train
11183,train
11184,train
11185,train
11186,train
11187,train
11188,validation
11189,train
11190,train
11191,validation
11192,train
11193,train
11194,train
11195,test
11196,validation
11197,test
11198,validation
11199,train
11200,validation
11201,validation
11202,train
11203,train
11204,train
11205,test
11206,train
11207,validation
11208,test
11209,train
11210,train
11211,train
11212,test
11213,train
11214,train
11215,validation
11216,train
11217,train
11218,train
11219,train
11220,train
11221,train
11222,test
11223,train
11224,train
11225,train
11226,test
11227,test
11228,test
11229,train
11230,validation
11231,test
11232,train
11233,validation
11234,test
11235,train
11236,test
11237,train
11238,validation
11239,train
11240,test
11241,test
11242,train
11243,train
11244,train
11245,train
11246,test
11247,train
11248,validation
11249,train
11250,validation
11251,train
11252,validation
11253,train
11254,train
11255,validation
11256,train
11257,train
11258,train
11259,validation
11260,train
11261,train
11262,validation
11263,test
11264,train
11265,validation
11266,train
11267,test
11268,train
11269,train
11270,validation
11271,train
11272,train
11273,train
11274,validation
11275,validation
11276,train
11277,validation
11278,train
11279,train
11280,train
11281,validation
11282,train
11283,train
11284,train
11285,train
11286,train
11287,test
11288,train
11289,test
11290,test
11291,train
11292,validation
11293,train
11294,train
11295,train
11296,validation
11297,train
11298,train
11299,train
11300,train
11301,train
11302,train
11303,train
11304,train
11305,train
11306,validation
11307,validation
11308,train
11309,validation
11310,validation
11311,test
11312,train
11313,validation
11314,test
11315,test
11316,train
11317,train
11318,validation
11319,train
11320,train
11321,train
11322,train
11323,validation
11324,train
11325,train
11326,train
11327,train
11328,train
11329,test
11330,test
11331,train
11332,train
11333,train
11334,test
11335,validation
11336,test
11337,validation
11338,validation
11339,train
11340,validation
11341,train
11342,train
11343,test
11344,train
11345,test
11346,train
11347,train
11348,train
11349,test
11350,train
11351,train
11352,train
11353,train
11354,test
11355,train
11356,train
11357,train
11358,train
11359,validation
11360,train
11361,train
11362,train
11363,train
11364,train
11365,test
11366,train
11367,train
11368,validation
11369,test
11370,test
11371,train
11372,train
11373,train
11374,train
11375,train
11376,validation
11377,train
11378,train
11379,test
11380,validation
11381,train
11382,test
11383,train
11384,train
11385,train
11386,train
11387,train
11388,train
11389,validation
11390,train
11391,train
11392,train
11393,train
11394,train
11395,train
11396,train
11397,train
11398,test
11399,train
11400,train
11401,validation
11402,test
11403,test
11404,validation
11405,train
11406,test
11407,validation
11408,validation
11409,train
11410,train
11411,train
11412,train
11413,validation
11414,train
11415,train
11416,validation
11417,train
11418,train
11419,test
11420,validation
11421,train
11422,train
11423,validation
11424,train
11425,train
11426,train
11427,test
11428,validation
11429,train
11430,train
11431,train
11432,train
11433,test
11434,validation
11435,train
11436,train
11437,validation
11438,train
11439,train
11440,train
11441,train
11442,train
11443,train
11444,validation
11445,train
11446,train
11447,train
11448,train
11449,train
11450,validation
11451,validation
11452,validation
11453,validation
11454,train
11455,train
11456,train
11457,train
11458,validation
11459,train
11460,train
11461,train
11462,validation
11463,train
11464,test
11465,train
11466,train
11467,validation
11468,train
11469,validation
11470,train
11471,train
11472,train
11473,train
11474,train
11475,train
11476,train
11477,validation
11478,train
11479,train
11480,test
11481,train
11482,train
11483,validation
11484,train
11485,train
11486,train
11487,train
11488,train
11489,train
11490,validation
11491,train
11492,test
11493,test
11494,train
11495,train
11496,validation
11497,train
11498,validation
11499,train
11500,test
11501,train
11502,validation
11503,train
11504,validation
11505,train
11506,train
11507,validation
11508,validation
11509,test
11510,test
11511,train
11512,train
11513,test
11514,validation
11515,train
11516,test
11517,validation
11518,validation
11519,train
11520,test
11521,train
11522,validation
11523,validation
11524,test
11525,train
11526,train
11527,train
11528,validation
11529,train
11530,train
11531,validation
11532,validation
11533,test
11534,validation
11535,train
11536,train
11537,test
11538,validation
11539,validation
11540,train
11541,train
11542,train
11543,validation
11544,train
11545,train
11546,train
11547,train
11548,train
11549,train
11550,test
11551,validation
11552,train
11553,train
11554,train
11555,train
11556,train
11557,train
11558,train
11559,train
11560,train
11561,validation
11562,validation
11563,test
11564,validation
11565,train
11566,train
11567,train
11568,train
11569,train
11570,validation
11571,train
11572,train
11573,train
11574,train
11575,train
11576,train
11577,train
11578,validation
11579,train
11580,train
11581,train
11582,train
11583,validation
11584,train
11585,train
11586,train
11587,validation
11588,train
11589,test
11590,validation
11591,train
11592,train
11593,test
11594,train
11595,train
11596,train
11597,train
11598,train
11599,train
11600,train
11601,train
11602,train
11603,test
11604,validation
11605,train
11606,validation
11607,train
11608,train
11609,train
11610,validation
11611,train
11612,test
11613,validation
11614,test
11615,train
11616,validation
11617,validation
11618,train
11619,validation
11620,train
11621,test
11622,train
11623,train
11624,train
11625,test
11626,train
11627,train
11628,train
11629,validation
11630,test
11631,test
11632,train
11633,train
11634,train
11635,train
11636,train
11637,validation
11638,train
11639,train
11640,validation
11641,train
11642,train
11643,train
11644,train
11645,test
11646,validation
11647,validation
11648,test
11649,test
11650,train
11651,train
11652,train
11653,train
11654,validation
11655,train
11656,train
11657,train
11658,validation
11659,test
11660,train
11661,train
11662,train
11663,train
11664,train
11665,train
11666,train
11667,train
11668,train
11669,train
11670,train
11671,test
11672,train
11673,train
11674,validation
11675,train
11676,train
11677,train
11678,train
11679,train
11680,validation
11681,train
11682,train
11683,validation
11684,train
11685,train
11686,train
11687,train
11688,validation
11689,train
11690,train
11691,train
11692,train
11693,test
11694,test
11695,train
11696,test
11697,train
11698,validation
11699,train
11700,train
11701,train
11702,train
11703,train
11704,train
11705,train
11706,validation
11707,train
11708,test
11709,validation
11710,test
11711,test
11712,test
11713,train
11714,train
11715,train
11716,train
11717,train
11718,train
11719,train
11720,validation
11721,train
11722,train
11723,test
11724,train
11725,train
11726,test
11727,train
11728,test
11729,test
11730,train
11731,train
11732,train
11733,train
11734,train
11735,validation
11736,test
11737,train
11738,train
11739,test
11740,train
11741,validation
11742,train
11743,train
11744,train
11745,validation
11746,train
11747,validation
11748,train
11749,test
11750,train
11751,validation
11752,train
11753,train
11754,test
11755,test
11756,test
11757,train
11758,test
11759,train
11760,test
11761,test
11762,train
11763,train
11764,train
11765,train
11766,train
11767,train
11768,validation
11769,train
11770,train
11771,validation
11772,train
11773,train
11774,validation
11775,test
11776,train
11777,validation
11778,train
11779,train
11780,validation
11781,train
11782,test
11783,validation
11784,validation
11785,test
11786,test
11787,train
11788,train
11789,train
11790,train
11791,test
11792,train
11793,train
11794,train
11795,test
11796,validation
11797,train
11798,train
11799,train
11800,train
11801,validation
11802,train
11803,train
11804,train
11805,train
11806,validation
11807,test
11808,train
11809,validation
11810,validation
11811,train
11812,validation
11813,test
11814,test
11815,train
11816,train
11817,train
11818,test
11819,train
11820,train
11821,validation
11822,train
11823,test
11824,train
11825,validation
11826,test
11827,validation
11828,train
11829,train
11830,train
11831,validation
11832,train
11833,train
11834,train
11835,test
11836,train
11837,validation
11838,train
11839,test
11840,train
11841,train
11842,train
11843,train
11844,train
11845,test
11846,train
11847,train
11848,validation
11849,test
11850,train
11851,test
11852,validation
11853,test
11854,train
11855,train
11856,validation
11857,train
11858,train
11859,train
11860,train
11861,train
11862,train
11863,train
11864,train
11865,validation
11866,train
11867,train
11868,validation
11869,train
11870,validation
11871,train
11872,test
11873,train
11874,train
11875,test
11876,test
11877,validation
11878,test
11879,test
11880,test
11881,train
11882,train
11883,train
11884,train
11885,validation
11886,train
11887,train
11888,train
11889,train
11890,test
11891,train
11892,train
11893,validation
11894,validation
11895,test
11896,train
11897,train
11898,train
11899,test
11900,train
11901,train
11902,train
11903,train
11904,train
11905,validation
11906,train
11907,test
11908,test
11909,train
11910,test
11911,validation
11912,train
11913,train
11914,test
11915,train
11916,train
11917,validation
11918,validation
11919,train
11920,validation
11921,train
11922,train
11923,train
11924,train
11925,train
11926,train
11927,validation
11928,train
11929,train
11930,train
11931,validation
11932,test
11933,train
11934,validation
11935,test
11936,train
11937,train
11938,test
11939,train
11940,train
11941,validation
11942,train
11943,train
11944,train
11945,validation
11946,test
11947,test
11948,validation
11949,validation
11950,train
11951,train
11952,train
11953,validation
11954,train
11955,train
11956,test
11957,train
11958,test
11959,train
11960,train
11961,train
11962,test
11963,train
11964,train
11965,train
11966,train
11967,validation
11968,test
11969,train
11970,train
11971,train
11972,test
11973,train
11974,train
11975,train
11976,test
11977,train
11978,train
11979,train
11980,train
11981,train
11982,train
11983,train
11984,train
11985,train
11986,validation
11987,validation
11988,train
11989,train
11990,train
11991,validation
11992,validation
11993,train
11994,test
11995,train
11996,train
11997,train
11998,validation
11999,test
12000,train
12001,validation
12002,validation
12003,train
12004,train
12005,test
12006,validation
12007,train
12008,validation
12009,test
12010,train
12011,validation
12012,train
12013,validation
12014,validation
12015,validation
12016,train
12017,validation
12018,train
12019,train
12020,train
12021,train
12022,test
12023,train
12024,train
12025,test
12026,test
12027,train
12028,test
12029,train
12030,train
12031,train
12032,validation
12033,validation
12034,train
12035,train
12036,train
12037,validation
12038,validation
12039,test
12040,test
12041,train
12042,train
12043,validation
12044,test
12045,train
12046,test
12047,train
12048,train
12049,test
12050,train
12051,train
12052,train
12053,test
12054,train
12055,test
12056,train
12057,test
12058,train
12059,train
12060,train
12061,train
12062,train
12063,validation
12064,validation
12065,train
12066,validation
12067,test
12068,train
12069,train
12070,train
12071,validation
12072,test
12073,train
12074,train
12075,train
12076,validation
12077,train
12078,train
12079,validation
12080,train
12081,train
12082,train
12083,test
12084,train
12085,validation
12086,train
12087,test
12088,train
12089,train
12090,validation
12091,test
12092,validation
12093,train
12094,validation
12095,train
12096,train
12097,train
12098,validation
12099,validation
12100,train
12101,validation
12102,train
12103,train
12104,train
12105,test
12106,train
12107,train
12108,validation
12109,train
12110,train
12111,validation
12112,train
12113,validation
12114,validation
12115,train
12116,validation
12117,train
12118,train
12119,train
12120,validation
12121,train
12122,train
12123,validation
12124,train
12125,validation
12126,train
12127,validation
12128,validation
12129,test
12130,validation
12131,train
12132,test
12133,train
12134,train
12135,validation
12136,train
12137,validation
12138,train
12139,test
12140,train
12141,validation
12142,train
12143,train
12144,train
12145,validation
12146,train
12147,train
12148,train
12149,validation
12150,train
12151,validation
12152,train
12153,train
12154,test
12155,test
12156,validation
12157,train
12158,validation
12159,train
12160,validation
12161,validation
12162,train
12163,train
12164,test
12165,train
12166,train
12167,train
12168,test
12169,train
12170,test
12171,validation
12172,train
12173,train
12174,train
12175,validation
12176,train
12177,train
12178,train
12179,test
12180,test
12181,validation
12182,train
12183,train
12184,validation
12185,train
12186,validation
12187,validation
12188,validation
12189,train
12190,train
12191,train
12192,validation
12193,train
12194,validation
12195,test
12196,train
12197,validation
12198,validation
12199,test
12200,train
12201,train
12202,train
12203,train
12204,validation
12205,validation
12206,train
12207,validation
12208,validation
12209,train
12210,train
12211,test
12212,train
12213,test
12214,train
12215,test
12216,train
12217,test
12218,validation
12219,train
12220,train
12221,train
12222,train
12223,test
12224,validation
12225,validation
12226,train
12227,train
12228,train
12229,train
12230,train
12231,test
12232,validation
12233,validation
12234,train
12235,train
12236,validation
12237,train
12238,train
12239,train
12240,test
12241,train
12242,validation
12243,test
12244,train
12245,validation
12246,train
12247,test
12248,train
12249,validation
12250,train
12251,test
12252,train
12253,train
12254,train
12255,test
12256,test
12257,validation
12258,train
12259,train
12260,train
12261,train
12262,train
12263,test
12264,train
12265,train
12266,validation
12267,train
12268,train
12269,validation
12270,test
12271,train
12272,test
12273,test
12274,train
12275,test
12276,test
12277,train
12278,test
12279,train
12280,test
12281,train
12282,test
12283,train
12284,train
12285,train
12286,test
12287,train
12288,train
12289,train
12290,validation
12291,train
12292,train
12293,train
12294,train
12295,train
12296,train
12297,test
12298,validation
12299,train
12300,train
12301,test
12302,train
12303,train
12304,train
12305,train
12306,validation
12307,train
12308,validation
12309,validation
12310,train
12311,train
12312,train
12313,train
12314,test
12315,train
12316,validation
12317,train
12318,train
12319,test
12320,validation
12321,test
12322,test
12323,train
12324,train
12325,train
12326,validation
12327,train
12328,train
12329,validation
12330,test
12331,train
12332,train
12333,train
12334,train
12335,validation
12336,train
12337,test
12338,train
12339,train
12340,train
12341,train
12342,train
12343,train
12344,test
12345,validation
12346,train
12347,test
12348,train
12349,train
12350,train
12351,test
12352,validation
12353,train
12354,train
12355,test
12356,train
12357,train
12358,train
12359,test
12360,test
12361,train
12362,train
12363,train
12364,test
12365,train
12366,validation
12367,train
12368,validation
12369,train
12370,train
12371,test
12372,test
12373,validation
12374,train
12375,train
12376,validation
12377,validation
12378,test
12379,train
12380,train
12381,train
12382,train
12383,train
12384,train
12385,train
12386,train
12387,test
12388,train
12389,train
12390,validation
12391,train
12392,validation
12393,train
12394,validation
12395,train
12396,validation
12397,train
12398,train
12399,train
12400,train
12401,train
12402,train
12403,test
12404,validation
12405,train
12406,train
12407,train
12408,validation
12409,train
12410,train
12411,train
12412,train
12413,train
12414,train
12415,train
12416,train
12417,train
12418,train
12419,validation
12420,train
12421,train
12422,train
12423,train
12424,train
12425,train
12426,train
12427,test
12428,validation
12429,train
12430,train
12431,train
12432,test
12433,train
12434,train
12435,train
12436,test
12437,train
12438,train
12439,train
12440,train
12441,test
12442,test
12443,train
12444,train
12445,train
12446,train
12447,test
12448,validation
12449,validation
12450,train
12451,train
12452,train
12453,train
12454,validation
12455,validation
12456,train
12457,train
12458,train
12459,test
12460,train
12461,validation
12462,train
12463,validation
12464,test
12465,train
12466,train
12467,train
12468,train
12469,validation
12470,validation
12471,train
12472,train
12473,validation
12474,train
12475,validation
12476,train
12477,train
12478,train
12479,train
12480,validation
12481,train
12482,validation
12483,train
12484,train
12485,test
12486,validation
12487,train
12488,test
12489,train
12490,train
12491,validation
12492,train
12493,test
12494,validation
12495,validation
12496,train
12497,validation
12498,train
12499,train
12500,train
12501,train
12502,train
12503,validation
12504,test
12505,train
12506,test
12507,train
12508,train
12509,validation
12510,train
12511,train
12512,train
12513,train
12514,train
12515,validation
12516,train
12517,train
12518,validation
12519,train
12520,train
12521,validation
12522,train
12523,train
12524,validation
12525,train
12526,test
12527,train
12528,test
12529,test
12530,train
12531,train
12532,train
12533,train
12534,train
12535,train
12536,train
12537,validation
12538,train
12539,train
12540,test
12541,train
12542,train
12543,train
12544,train
12545,train
12546,train
12547,train
12548,validation
12549,test
12550,train
12551,train
12552,train
12553,test
12554,train
12555,train
12556,train
12557,validation
12558,validation
12559,train
12560,test
12561,train
12562,train
12563,train
12564,test
12565,validation
12566,train
12567,train
12568,test
12569,test
12570,train
12571,train
12572,train
12573,train
12574,train
12575,train
12576,train
12577,validation
12578,train
12579,test
12580,train
12581,train
12582,train
12583,validation
12584,train
12585,train
12586,train
12587,train
12588,train
12589,train
12590,train
12591,test
12592,train
12593,train
12594,train
12595,test
12596,test
12597,test
12598,test
12599,train
12600,test
12601,train
12602,validation
12603,train
12604,train
12605,train
12606,train
12607,train
12608,train
12609,train
12610,test
12611,validation
12612,train
12613,train
12614,train
12615,train
12616,validation
12617,train
12618,train
12619,train
12620,train
12621,test
12622,test
12623,train
12624,train
12625,train
12626,train
12627,test
12628,test
12629,test
12630,train
12631,train
12632,validation
12633,validation
12634,test
12635,test
12636,train
12637,test
12638,validation
12639,train
12640,train
12641,train
12642,validation
12643,train
12644,test
12645,train
12646,train
12647,train
12648,train
12649,train
12650,train
12651,train
12652,train
12653,validation
12654,train
12655,validation
12656,train
12657,test
12658,validation
12659,train
12660,train
12661,test
12662,validation
12663,train
12664,train
12665,train
12666,test
12667,train
12668,train
12669,train
12670,test
12671,train
12672,train
12673,train
12674,train
12675,train
12676,validation
12677,train
12678,train
12679,train
12680,train
12681,test
12682,validation
12683,test
12684,train
12685,train
12686,test
12687,validation
12688,validation
12689,train
12690,train
12691,train
12692,train
12693,train
12694,train
12695,train
12696,train
12697,test
12698,train
12699,train
12700,train
12701,train
12702,test
12703,train
12704,train
12705,train
12706,test
12707,train
12708,train
12709,train
12710,train
12711,validation
12712,test
12713,validation
12714,train
12715,train
12716,train
12717,test
12718,validation
12719,train
12720,test
12721,test
12722,validation
12723,train
12724,train
12725,train
12726,validation
12727,test
12728,test
12729,validation
12730,validation
12731,validation
12732,train
12733,train
12734,train
12735,test
12736,test
12737,train
12738,validation
12739,test
12740,train
12741,test
12742,test
12743,train
12744,train
12745,train
12746,train
12747,train
12748,train
12749,train
12750,train
12751,test
12752,train
12753,train
12754,validation
12755,train
12756,train
12757,validation
12758,train
12759,validation
12760,test
12761,train
12762,test
12763,train
12764,test
12765,train
12766,train
12767,validation
12768,train
12769,train
12770,test
12771,test
12772,train
12773,test
12774,test
12775,test
12776,train
12777,test
12778,validation
12779,train
12780,train
12781,train
12782,train
12783,test
12784,test
12785,validation
12786,test
12787,test
12788,train
12789,train
12790,train
12791,train
12792,train
12793,train
12794,train
12795,test
12796,train
12797,test
12798,train
12799,train
12800,train
12801,test
12802,train
12803,train
12804,train
12805,train
12806,train
12807,train
12808,train
12809,train
12810,train
12811,test
12812,train
12813,train
12814,train
12815,train
12816,train
12817,train
12818,validation
12819,test
12820,test
12821,train
12822,train
12823,test
12824,train
12825,train
12826,train
12827,validation
12828,train
12829,test
12830,train
12831,train
12832,train
12833,test
12834,validation
12835,train
12836,test
12837,train
12838,validation
12839,train
12840,test
12841,train
12842,train
12843,train
12844,test
12845,train
12846,train
12847,train
12848,train
12849,validation
12850,train
12851,train
12852,train
12853,test
12854,train
12855,train
12856,train
12857,train
12858,train
12859,validation
12860,validation
12861,validation
12862,train
12863,train
12864,train
12865,train
12866,train
12867,validation
12868,train
12869,train
12870,train
12871,test
12872,test
12873,train
12874,test
12875,validation
12876,train
12877,train
12878,train
12879,train
12880,train
12881,train
12882,test
12883,validation
12884,train
12885,train
12886,train
12887,validation
12888,train
12889,validation
12890,test
12891,train
12892,train
12893,train
12894,train
12895,train
12896,train
12897,train
12898,train
12899,validation
12900,train
12901,validation
12902,train
12903,validation
12904,test
12905,train
12906,train
12907,train
12908,train
12909,train
12910,train
12911,train
12912,train
12913,train
12914,train
12915,train
12916,test
12917,test
12918,train
12919,validation
12920,train
12921,train
12922,train
12923,train
12924,train
12925,train
12926,test
12927,train
12928,train
12929,train
12930,train
12931,train
12932,train
12933,train
12934,train
12935,test
12936,train
12937,train
12938,train
12939,validation
12940,train
12941,train
12942,train
12943,train
12944,train
12945,validation
12946,train
12947,train
12948,train
12949,test
12950,train
12951,test
12952,train
12953,train
12954,train
12955,train
12956,test
12957,train
12958,train
12959,test
12960,train
12961,test
12962,validation
12963,validation
12964,train
12965,train
12966,train
12967,train
12968,train
12969,train
12970,test
12971,validation
12972,test
12973,validation
12974,test
12975,train
12976,train
12977,test
12978,train
12979,test
12980,train
12981,train
12982,train
12983,train
12984,train
12985,test
12986,train
12987,train
12988,validation
12989,train
12990,test
12991,test
12992,train
12993,train
12994,train
12995,train
12996,train
12997,test
12998,test
12999,validation
13000,train
13001,train
13002,train
13003,test
13004,train
13005,validation
13006,validation
13007,test
13008,validation
13009,validation
13010,train
13011,validation
13012,train
13013,train
13014,test
13015,train
13016,train
13017,validation
13018,train
13019,test
13020,validation
13021,train
13022,train
13023,train
13024,train
13025,validation
13026,test
13027,train
13028,train
13029,train
13030,test
13031,train
13032,train
13033,train
13034,test
13035,test
13036,validation
13037,train
13038,train
13039,validation
13040,test
13041,train
13042,validation
13043,train
13044,train
13045,validation
13046,train
13047,validation
13048,test
13049,train
13050,train
13051,test
13052,validation
13053,train
13054,validation
13055,train
13056,validation
13057,train
13058,train
13059,train
13060,validation
13061,train
13062,validation
13063,test
13064,test
13065,validation
13066,train
13067,train
13068,train
13069,train
13070,train
13071,validation
13072,train
13073,validation
13074,train
13075,train
13076,train
13077,train
13078,train
13079,test
13080,train
13081,test
13082,train
13083,test
13084,test
13085,validation
13086,validation
13087,train
13088,train
13089,train
13090,validation
13091,test
13092,train
13093,test
13094,train
13095,test
13096,train
13097,test
13098,train
13099,train
13100,test
13101,train
13102,validation
13103,train
13104,train
13105,train
13106,validation
13107,train
13108,train
13109,train
13110,train
13111,train
13112,train
13113,test
13114,test
13115,validation
13116,train
13117,train
13118,test
13119,train
13120,test
13121,train
13122,train
13123,train
13124,validation
13125,train
13126,test
13127,validation
13128,train
13129,train
13130,test
13131,test
13132,test
13133,test
13134,train
13135,validation
13136,train
13137,test
13138,train
13139,test
13140,train
13141,train
13142,train
13143,train
13144,train
13145,validation
13146,test
13147,train
13148,train
13149,train
13150,validation
13151,train
13152,train
13153,train
13154,train
13155,train
13156,test
13157,train
13158,test
13159,train
13160,train
13161,validation
13162,train
13163,train
13164,train
13165,validation
13166,validation
13167,train
13168,train
13169,validation
13170,test
13171,train
13172,test
13173,train
13174,train
13175,test
13176,train
13177,test
13178,test
13179,train
13180,train
13181,train
13182,train
13183,validation
13184,train
13185,train
13186,test
13187,train
13188,validation
13189,train
13190,test
13191,train
13192,train
13193,test
13194,validation
13195,validation
13196,test
13197,train
13198,train
13199,train
13200,validation
13201,test
13202,train
13203,train
13204,test
13205,train
13206,train
13207,train
13208,train
13209,test
13210,test
13211,train
13212,train
13213,train
13214,validation
13215,train
13216,validation
13217,train
13218,train
13219,train
13220,train
13221,test
13222,train
13223,validation
13224,train
13225,train
13226,test
13227,train
13228,train
13229,train
13230,train
13231,train
13232,validation
13233,train
13234,test
13235,test
13236,train
13237,train
13238,train
13239,test
13240,test
13241,validation
13242,train
13243,train
13244,train
13245,train
13246,train
13247,test
13248,train
13249,validation
13250,train
13251,test
13252,train
13253,validation
13254,train
13255,train
13256,train
13257,train
13258,train
13259,validation
13260,train
13261,test
13262,validation
13263,train
13264,train
13265,train
13266,train
13267,test
13268,train
13269,train
13270,train
13271,train
13272,train
13273,test
13274,train
13275,train
13276,train
13277,train
13278,train
13279,test
13280,train
13281,train
13282,test
13283,test
13284,validation
13285,validation
13286,train
13287,train
13288,validation
13289,train
13290,validation
13291,train
13292,test
13293,train
13294,train
13295,validation
13296,train
13297,validation
13298,train
13299,validation
13300,train
13301,train
13302,validation
13303,train
13304,train
13305,test
13306,test
13307,train
13308,train
13309,train
13310,train
13311,train
13312,test
13313,train
13314,train
13315,train
13316,train
13317,train
13318,validation
13319,train
13320,test
13321,train
13322,validation
13323,train
13324,train
13325,validation
13326,train
13327,test
13328,train
13329,train
13330,validation
13331,validation
13332,validation
13333,test
13334,validation
13335,validation
13336,validation
13337,test
13338,validation
13339,validation
13340,train
13341,train
13342,train
13343,test
13344,train
13345,test
13346,validation
13347,train
13348,test
13349,validation
13350,test
13351,test
13352,train
13353,train
13354,train
13355,train
13356,test
13357,validation
13358,validation
13359,validation
13360,validation
13361,train
13362,train
13363,test
13364,train
13365,train
13366,train
13367,test
13368,train
13369,validation
13370,train
13371,train
13372,train
13373,train
13374,train
13375,train
13376,train
13377,train
13378,validation
13379,train
13380,train
13381,train
13382,validation
13383,train
13384,train
13385,train
13386,train
13387,train
13388,train
13389,train
13390,test
13391,test
13392,validation
13393,test
13394,train
13395,train
13396,validation
13397,train
13398,train
13399,train
13400,test
13401,train
13402,test
13403,validation
13404,validation
13405,train
13406,train
13407,train
13408,train
13409,validation
13410,train
13411,train
13412,test
13413,test
13414,validation
13415,test
13416,train
13417,train
13418,validation
13419,train
13420,train
13421,validation
13422,train
13423,train
13424,test
13425,validation
13426,test
13427,train
13428,validation
13429,validation
13430,train
13431,train
13432,train
13433,validation
13434,test
13435,test
13436,train
13437,test
13438,train
13439,train
13440,train
13441,validation
13442,train
13443,train
13444,train
13445,train
13446,train
13447,train
13448,train
13449,train
13450,train
13451,train
13452,train
13453,train
13454,test
13455,train
13456,train
13457,validation
13458,train
13459,train
13460,train
13461,train
13462,test
13463,validation
13464,train
13465,train
13466,train
13467,validation
13468,train
13469,train
13470,train
13471,train
13472,validation
13473,validation
13474,test
13475,train
13476,train
13477,validation
13478,validation
13479,test
13480,test
13481,train
13482,train
13483,train
13484,test
13485,train
13486,test
13487,train
13488,test
13489,train
13490,validation
13491,train
13492,train
13493,test
13494,train
13495,train
13496,validation
13497,train
13498,test
13499,validation
13500,train
13501,validation
13502,train
13503,train
13504,test
13505,test
13506,train
13507,train
13508,validation
13509,train
13510,train
13511,train
13512,train
13513,train
13514,train
13515,train
13516,train
13517,train
13518,test
13519,train
13520,train
13521,train
13522,validation
13523,test
13524,validation
13525,validation
13526,validation
13527,train
13528,train
13529,train
13530,train
13531,test
13532,train
13533,train
13534,test
13535,test
13536,train
13537,validation
13538,train
13539,test
13540,train
13541,train
13542,validation
13543,train
13544,train
13545,train
13546,train
13547,train
13548,train
13549,train
13550,train
13551,train
13552,train
13553,train
13554,test
13555,train
13556,train
13557,validation
13558,train
13559,train
13560,validation
13561,validation
13562,train
13563,train
13564,train
13565,train
13566,train
13567,train
13568,train
13569,train
13570,train
13571,train
13572,validation
13573,train
13574,test
13575,test
13576,train
13577,test
13578,validation
13579,train
13580,train
13581,validation
13582,test
13583,validation
13584,train
13585,train
13586,train
13587,test
13588,train
13589,train
13590,validation
13591,train
13592,test
13593,train
13594,validation
13595,train
13596,test
13597,validation
13598,train
13599,train
13600,validation
13601,test
13602,validation
13603,test
13604,test
13605,train
13606,train
13607,train
13608,train
13609,train
13610,train
13611,train
13612,validation
13613,train
13614,train
13615,train
13616,train
13617,train
13618,test
13619,validation
13620,test
13621,test
13622,test
13623,train
13624,train
13625,validation
13626,test
13627,train
13628,train
13629,test
13630,validation
13631,train
13632,train
13633,validation
13634,train
13635,train
13636,validation
13637,train
13638,train
13639,test
13640,train
13641,train
13642,train
13643,validation
13644,train
13645,validation
13646,train
13647,train
13648,test
13649,train
13650,test
13651,train
13652,test
13653,train
13654,train
13655,train
13656,train
13657,test
13658,train
13659,train
13660,train
13661,train
13662,test
13663,validation
13664,train
13665,test
13666,train
13667,train
13668,test
13669,test
13670,train
13671,test
13672,validation
13673,train
13674,train
13675,train
13676,train
13677,train
13678,train
13679,test
13680,train
13681,test
13682,train
13683,train
13684,validation
13685,train
13686,validation
13687,train
13688,train
13689,validation
13690,train
13691,validation
13692,validation
13693,validation
13694,validation
13695,train
13696,test
13697,test
13698,train
13699,train
13700,validation
13701,validation
13702,train
13703,test
13704,train
13705,test
13706,test
13707,test
13708,train
13709,train
13710,train
13711,train
13712,validation
13713,validation
13714,train
13715,train
13716,train
13717,test
13718,test
13719,validation
13720,test
13721,test
13722,validation
13723,train
13724,train
13725,test
13726,train
13727,test
13728,validation
13729,train
13730,train
13731,test
13732,train
13733,test
13734,validation
13735,train
13736,train
13737,train
13738,test
13739,train
13740,test
13741,train
13742,test
13743,train
13744,train
13745,validation
13746,test
13747,train
13748,train
13749,train
13750,test
13751,train
13752,validation
13753,validation
13754,train
13755,validation
13756,validation
13757,train
13758,train
13759,train
13760,train
13761,train
13762,validation
13763,train
13764,validation
13765,validation
13766,train
13767,validation
13768,test
13769,train
13770,train
13771,test
13772,validation
13773,train
13774,train
13775,validation
13776,train
13777,train
13778,train
13779,validation
13780,test
13781,train
13782,train
13783,train
13784,validation
13785,train
13786,validation
13787,test
13788,train
13789,train
13790,validation
13791,train
13792,train
13793,train
13794,test
13795,test
13796,train
13797,validation
13798,test
13799,validation
13800,train
13801,test
13802,test
13803,train
13804,train
13805,train
13806,test
13807,validation
13808,train
13809,train
13810,test
13811,train
13812,test
13813,train
13814,train
13815,train
13816,train
13817,train
13818,train
13819,train
13820,train
13821,train
13822,train
13823,validation
13824,test
13825,train
13826,test
13827,validation
13828,train
13829,test
13830,train
13831,train
13832,train
13833,validation
13834,test
13835,train
13836,validation
13837,train
13838,test
13839,train
13840,train
13841,validation
13842,test
13843,train
13844,train
13845,validation
13846,train
13847,train
13848,train
13849,validation
13850,test
13851,train
13852,train
13853,test
13854,train
13855,train
13856,train
13857,train
13858,train
13859,train
13860,train
13861,test
13862,test
13863,test
13864,train
13865,train
13866,train
13867,test
13868,test
13869,validation
13870,test
13871,train
13872,train
13873,test
13874,train
13875,test
13876,train
13877,test
13878,test
13879,validation
13880,test
13881,validation
13882,test
13883,train
13884,train
13885,validation
13886,validation
13887,train
13888,validation
13889,validation
13890,train
13891,train
13892,train
13893,train
13894,train
13895,train
13896,train
13897,train
13898,validation
13899,train
13900,train
13901,test
13902,train
13903,train
13904,test
13905,train
13906,test
13907,train
13908,train
13909,train
13910,train
13911,train
13912,train
13913,train
13914,train
13915,train
13916,test
13917,train
13918,train
13919,test
13920,train
13921,test
13922,train
13923,test
13924,validation
13925,train
13926,train
13927,test
13928,train
13929,train
13930,train
13931,train
13932,train
13933,test
13934,test
13935,validation
13936,validation
13937,train
13938,train
13939,test
13940,validation
13941,validation
13942,test
13943,test
13944,test
13945,train
13946,train
13947,validation
13948,train
13949,train
13950,validation
13951,train
13952,train
13953,train
13954,test
13955,test
13956,train
13957,test
13958,train
13959,train
13960,validation
13961,test
13962,train
13963,validation
13964,train
13965,test
13966,train
13967,test
13968,train
13969,test
13970,test
13971,train
13972,train
13973,validation
13974,test
13975,validation
13976,validation
13977,train
13978,validation
13979,validation
13980,test
13981,test
13982,train
13983,train
13984,train
13985,validation
13986,train
13987,train
13988,train
13989,train
13990,train
13991,test
13992,train
13993,train
13994,train
13995,train
13996,test
13997,validation
13998,test
13999,test
14000,validation
14001,train
14002,train
14003,train
14004,train
14005,train
14006,test
14007,validation
14008,test
14009,test
14010,train
14011,train
14012,train
14013,validation
14014,train
14015,train
14016,train
14017,train
14018,train
14019,train
14020,train
14021,validation
14022,validation
14023,train
14024,train
14025,validation
14026,train
14027,test
14028,train
14029,train
14030,validation
14031,test
14032,test
14033,train
14034,train
14035,train
14036,validation
14037,train
14038,validation
14039,train
14040,train
14041,train
14042,test
14043,train
14044,train
14045,train
14046,validation
14047,train
14048,validation
14049,train
14050,test
14051,train
14052,test
14053,train
14054,train
14055,test
14056,train
14057,train
14058,validation
14059,test
14060,train
14061,train
14062,train
14063,validation
14064,validation
14065,validation
14066,train
14067,train
14068,train
14069,train
14070,validation
14071,train
14072,test
14073,train
14074,train
14075,test
14076,train
14077,validation
14078,test
14079,train
14080,train
14081,test
14082,train
14083,validation
14084,validation
14085,validation
14086,validation
14087,train
14088,train
14089,test
14090,test
14091,train
14092,train
14093,train
14094,train
14095,validation
14096,train
14097,validation
14098,validation
14099,validation
14100,train
14101,train
14102,train
14103,train
14104,validation
14105,train
14106,train
14107,train
14108,test
14109,validation
14110,train
14111,validation
14112,train
14113,train
14114,train
14115,validation
14116,train
14117,validation
14118,validation
14119,train
14120,train
14121,train
14122,train
14123,train
14124,train
14125,train
14126,test
14127,train
14128,train
14129,train
14130,train
14131,train
14132,train
14133,validation
14134,validation
14135,train
14136,train
14137,train
14138,test
14139,test
14140,validation
14141,test
14142,validation
14143,train
14144,train
14145,validation
14146,train
14147,train
14148,validation
14149,train
14150,train
14151,validation
14152,test
14153,train
14154,test
14155,train
14156,validation
14157,validation
14158,train
14159,train
14160,test
14161,validation
14162,test
14163,train
14164,train
14165,train
14166,test
14167,train
14168,test
14169,test
14170,validation
14171,train
14172,train
14173,train
14174,train
14175,train
14176,train
14177,test
14178,train
14179,validation
14180,validation
14181,validation
14182,train
14183,train
14184,train
14185,train
14186,test
14187,train
14188,test
14189,test
14190,train
14191,train
14192,train
14193,test
14194,test
14195,train
14196,train
14197,test
14198,train
14199,test
14200,train
14201,train
14202,train
14203,train
14204,train
14205,test
14206,train
14207,train
14208,validation
14209,train
14210,train
14211,train
14212,train
14213,validation
14214,test
14215,test
14216,train
14217,train
14218,train
14219,train
14220,validation
14221,test
14222,train
14223,validation
14224,test
14225,test
14226,test
14227,validation
14228,train
14229,validation
14230,train
14231,train
14232,train
14233,train
14234,train
14235,test
14236,train
14237,train
14238,validation
14239,test
14240,train
14241,test
14242,train
14243,train
14244,train
14245,train
14246,train
14247,train
14248,validation
14249,train
14250,train
14251,train
14252,test
14253,validation
14254,train
14255,test
14256,train
14257,train
14258,train
14259,validation
14260,train
14261,train
14262,test
14263,train
14264,test
14265,train
14266,train
14267,train
14268,train
14269,train
14270,train
14271,train
14272,train
14273,validation
14274,train
14275,validation
14276,train
14277,train
14278,test
14279,train
14280,test
14281,train
14282,test
14283,train
14284,train
14285,validation
14286,test
14287,validation
14288,validation
14289,train
14290,train
14291,train
14292,train
14293,train
14294,train
14295,train
14296,train
14297,train
14298,train
14299,validation
14300,train
14301,train
14302,validation
14303,validation
14304,test
14305,test
14306,validation
14307,train
14308,test
14309,test
14310,train
14311,validation
14312,train
14313,train
14314,train
14315,train
14316,validation
14317,train
14318,train
14319,test
14320,test
14321,validation
14322,validation
14323,train
14324,train
14325,train
14326,train
14327,test
14328,validation
14329,train
14330,train
14331,test
14332,test
14333,train
14334,validation
14335,train
14336,train
14337,test
14338,train
14339,train
14340,train
14341,test
14342,validation
14343,validation
14344,train
14345,validation
14346,validation
14347,test
14348,validation
14349,train
14350,train
14351,train
14352,train
14353,train
14354,test
14355,test
14356,validation
14357,test
14358,train
14359,train
14360,train
14361,train
14362,validation
14363,train
14364,train
14365,test
14366,validation
14367,train
14368,train
14369,train
14370,test
14371,validation
14372,train
14373,train
14374,test
14375,train
14376,train
14377,validation
14378,validation
14379,train
14380,test
14381,train
14382,validation
14383,train
14384,train
14385,validation
14386,validation
14387,train
14388,validation
14389,train
14390,validation
14391,train
14392,train
14393,train
14394,validation
14395,test
14396,validation
14397,validation
14398,validation
14399,test
14400,train
14401,test
14402,test
14403,train
14404,train
14405,train
14406,train
14407,train
14408,train
14409,train
14410,train
14411,validation
14412,train
14413,test
14414,validation
14415,validation
14416,test
14417,validation
14418,test
14419,test
14420,train
14421,train
14422,test
14423,test
14424,test
14425,test
14426,train
14427,validation
14428,train
14429,train
14430,train
14431,train
14432,validation
14433,test
14434,test
14435,test
14436,train
14437,validation
14438,train
14439,test
14440,test
14441,test
14442,train
14443,train
14444,train
14445,test
14446,validation
14447,test
14448,train
14449,train
14450,train
14451,train
14452,train
14453,train
14454,train
14455,train
14456,train
14457,validation
14458,train
14459,train
14460,train
14461,validation
14462,train
14463,validation
14464,train
14465,test
14466,train
14467,test
14468,train
14469,train
14470,validation
14471,test
14472,test
14473,validation
14474,train
14475,train
14476,validation
14477,train
14478,train
14479,validation
14480,train
14481,test
14482,validation
14483,train
14484,train
14485,train
14486,validation
14487,train
14488,validation
14489,train
14490,train
14491,train
14492,validation
14493,validation
14494,train
14495,validation
14496,validation
14497,test
14498,validation
14499,train
14500,test
14501,train
14502,train
14503,validation
14504,train
14505,train
14506,train
14507,train
14508,test
14509,validation
14510,train
14511,train
14512,train
14513,validation
14514,test
14515,train
14516,train
14517,train
14518,train
14519,validation
14520,train
14521,train
14522,train
14523,test
14524,train
14525,test
14526,train
14527,train
14528,train
14529,train
14530,train
14531,train
14532,test
14533,test
14534,train
14535,train
14536,train
14537,train
14538,test
14539,validation
14540,validation
14541,train
14542,test
14543,test
14544,train
14545,train
14546,validation
14547,train
14548,train
14549,test
14550,train
14551,validation
14552,train
14553,train
14554,train
14555,train
14556,train
14557,validation
14558,train
14559,train
14560,test
14561,train
14562,test
14563,test
14564,train
14565,train
14566,validation
14567,train
14568,test
14569,train
14570,validation
14571,validation
14572,train
14573,train
14574,train
14575,validation
14576,train
14577,train
14578,train
14579,train
14580,validation
14581,train
14582,train
14583,validation
14584,test
14585,test
14586,train
14587,train
14588,validation
14589,validation
14590,train
14591,train
14592,train
14593,test
14594,test
14595,train
14596,train
14597,validation
14598,train
14599,train
14600,test
14601,train
14602,test
14603,train
14604,test
14605,train
14606,test
14607,train
14608,train
14609,validation
14610,train
14611,train
14612,validation
14613,validation
14614,train
14615,train
14616,train
14617,train
14618,train
14619,train
14620,train
14621,train
14622,test
14623,test
14624,train
14625,validation
14626,train
14627,train
14628,train
14629,train
14630,train
14631,train
14632,train
14633,test
14634,train
14635,test
14636,validation
14637,validation
14638,train
14639,train
14640,validation
14641,train
14642,test
14643,validation
14644,train
14645,train
14646,train
14647,test
14648,validation
14649,train
14650,train
14651,validation
14652,train
14653,train
14654,train
14655,train
14656,train
14657,train
14658,train
14659,train
14660,validation
14661,train
14662,test
14663,test
14664,train
14665,train
14666,train
14667,train
14668,train
14669,train
14670,train
14671,validation
14672,train
14673,test
14674,test
14675,train
14676,train
14677,train
14678,train
14679,train
14680,train
14681,validation
14682,train
14683,test
14684,test
14685,test
14686,validation
14687,train
14688,train
14689,validation
14690,train
14691,test
14692,test
14693,train
14694,train
14695,train
14696,validation
14697,test
14698,validation
14699,train
14700,train
14701,train
14702,test
14703,train
14704,validation
14705,test
14706,train
14707,train
14708,test
14709,train
14710,validation
14711,train
14712,train
14713,train
14714,train
14715,train
14716,validation
14717,train
14718,test
14719,train
14720,validation
14721,train
14722,train
14723,test
14724,test
14725,validation
14726,test
14727,train
14728,test
14729,train
14730,train
14731,train
14732,train
14733,train
14734,train
14735,train
14736,train
14737,test
14738,train
14739,train
14740,train
14741,test
14742,train
14743,train
14744,train
14745,validation
14746,train
14747,train
14748,train
14749,test
14750,train
14751,train
14752,validation
14753,test
14754,train
14755,train
14756,train
14757,validation
14758,test
14759,train
14760,train
14761,train
14762,test
14763,validation
14764,test
14765,train
14766,train
14767,test
14768,train
14769,test
14770,validation
14771,train
14772,train
14773,train
14774,validation
14775,train
14776,train
14777,validation
14778,train
14779,train
14780,train
14781,train
14782,train
14783,train
14784,validation
14785,validation
14786,validation
14787,test
14788,validation
14789,validation
14790,train
14791,train
14792,train
14793,validation
14794,test
14795,train
14796,train
14797,train
14798,train
14799,train
14800,train
14801,test
14802,test
14803,train
14804,train
14805,train
14806,test
14807,train
14808,test
14809,train
14810,train
14811,train
14812,test
14813,train
14814,train
14815,test
14816,train
14817,train
14818,train
14819,test
14820,validation
14821,validation
14822,test
14823,test
14824,test
14825,train
14826,validation
14827,validation
14828,train
14829,train
14830,train
14831,train
14832,train
14833,train
14834,train
14835,test
14836,test
14837,train
14838,train
14839,train
14840,train
14841,train
14842,train
14843,train
14844,validation
14845,train
14846,validation
14847,validation
14848,validation
14849,train
14850,train
14851,train
14852,train
14853,train
14854,train
14855,train
14856,test
14857,train
14858,train
14859,train
14860,train
14861,test
14862,train
14863,test
14864,train
14865,test
14866,train
14867,train
14868,train
14869,validation
14870,train
14871,validation
14872,train
14873,validation
14874,test
14875,train
14876,train
14877,train
14878,validation
14879,train
14880,test
14881,validation
14882,test
14883,test
14884,test
14885,test
14886,train
14887,validation
14888,validation
14889,test
14890,train
14891,test
14892,train
14893,validation
14894,train
14895,train
14896,train
14897,train
14898,train
14899,train
14900,test
14901,train
14902,train
14903,test
14904,validation
14905,train
14906,train
14907,train
14908,train
14909,train
14910,validation
14911,train
14912,test
14913,train
14914,train
14915,test
14916,test
14917,validation
14918,train
14919,train
14920,test
14921,train
14922,train
14923,test
14924,validation
14925,test
14926,train
14927,test
14928,test
14929,train
14930,train
14931,validation
14932,train
14933,train
14934,train
14935,train
14936,train
14937,test
14938,train
14939,train
14940,train
14941,test
14942,train
14943,validation
14944,validation
14945,test
14946,test
14947,train
14948,validation
14949,validation
14950,validation
14951,train
14952,validation
14953,train
14954,train
14955,train
14956,test
14957,test
14958,train
14959,train
14960,test
14961,train
14962,test
14963,train
14964,validation
14965,train
14966,test
14967,train
14968,test
14969,validation
14970,test
14971,train
14972,test
14973,train
14974,test
14975,train
14976,test
14977,train
14978,train
14979,train
14980,validation
14981,test
14982,validation
14983,validation
14984,validation
14985,train
14986,validation
14987,train
14988,validation
14989,train
14990,test
14991,train
14992,train
14993,validation
14994,train
14995,validation
14996,test
14997,train
14998,train
14999,validation
15000,train
15001,train
15002,train
15003,train
15004,train
15005,train
15006,validation
15007,train
15008,train
15009,validation
15010,validation
15011,train
15012,train
15013,train
15014,train
15015,train
15016,validation
15017,test
15018,train
15019,test
15020,train
15021,test
15022,train
15023,train
15024,train
15025,test
15026,train
15027,validation
15028,train
15029,test
15030,train
15031,test
15032,train
15033,validation
15034,test
15035,train
15036,validation
15037,train
15038,test
15039,validation
15040,train
15041,train
15042,test
15043,train
15044,validation
15045,train
15046,train
15047,train
15048,validation
15049,test
15050,validation
15051,train
15052,test
15053,train
15054,train
15055,train
15056,train
15057,test
15058,train
15059,train
15060,train
15061,train
15062,train
15063,train
15064,validation
15065,validation
15066,train
15067,test
15068,validation
15069,train
15070,train
15071,train
15072,train
15073,train
15074,train
15075,test
15076,test
15077,train
15078,train
15079,train
15080,train
15081,train
15082,train
15083,train
15084,test
15085,test
15086,test
15087,train
15088,validation
15089,test
15090,test
15091,train
15092,train
15093,train
15094,train
15095,train
15096,train
15097,test
15098,train
15099,train
15100,train
15101,validation
15102,test
15103,test
15104,train
15105,test
15106,train
15107,train
15108,train
15109,train
15110,validation
15111,test
15112,validation
15113,test
15114,train
15115,validation
15116,validation
15117,train
15118,test
15119,train
15120,test
15121,train
15122,train
15123,test
15124,train
15125,train
15126,train
15127,train
15128,train
15129,validation
15130,train
15131,train
15132,validation
15133,train
15134,validation
15135,train
15136,train
15137,train
15138,train
15139,train
15140,test
15141,validation
15142,train
15143,test
15144,test
15145,test
15146,validation
15147,train
15148,train
15149,validation
15150,train
15151,train
15152,test
15153,train
15154,validation
15155,train
15156,train
15157,test
15158,train
15159,train
15160,test
15161,test
15162,test
15163,train
15164,train
15165,train
15166,train
15167,test
15168,test
15169,validation
15170,train
15171,test
15172,train
15173,train
15174,validation
15175,train
15176,train
15177,train
15178,test
15179,train
15180,train
15181,test
15182,train
15183,train
15184,test
15185,train
15186,train
15187,train
15188,validation
15189,train
15190,train
15191,train
15192,test
15193,validation
15194,validation
15195,validation
15196,test
15197,train
15198,test
15199,train
15200,validation
15201,test
15202,test
15203,validation
15204,train
15205,train
15206,train
15207,train
15208,train
15209,test
15210,train
15211,train
15212,train
15213,test
15214,train
15215,train
15216,train
15217,validation
15218,train
15219,train
15220,train
15221,validation
15222,train
15223,train
15224,test
15225,test
15226,test
15227,train
15228,train
15229,test
15230,train
15231,train
15232,train
15233,train
15234,train
15235,train
15236,validation
15237,validation
15238,train
15239,validation
15240,train
15241,train
15242,train
15243,test
15244,validation
15245,train
15246,train
15247,train
15248,train
15249,validation
15250,test
15251,train
15252,validation
15253,validation
15254,test
15255,train
15256,test
15257,train
15258,train
15259,test
15260,train
15261,train
15262,train
15263,train
15264,test
15265,train
15266,test
15267,train
15268,test
15269,validation
15270,train
15271,test
15272,train
15273,train
15274,train
15275,train
15276,train
15277,train
15278,train
15279,validation
15280,test
15281,train
15282,train
15283,test
15284,validation
15285,test
15286,train
15287,train
15288,train
15289,test
15290,train
15291,validation
15292,train
15293,train
15294,train
15295,train
15296,train
15297,test
15298,validation
15299,train
15300,train
15301,test
15302,train
15303,train
15304,test
15305,test
15306,train
15307,train
15308,train
15309,test
15310,test
15311,train
15312,test
15313,test
15314,train
15315,train
15316,train
15317,test
15318,train
15319,validation
15320,validation
15321,train
15322,validation
15323,train
15324,train
15325,train
15326,train
15327,train
15328,train
15329,train
15330,train
15331,test
15332,validation
15333,validation
15334,train
15335,train
15336,validation
15337,test
15338,train
15339,train
15340,train
15341,train
15342,validation
15343,train
15344,train
15345,train
15346,train
15347,train
15348,train
15349,test
15350,train
15351,train
15352,train
15353,test
15354,validation
15355,train
15356,train
15357,train
15358,train
15359,train
15360,train
15361,test
15362,train
15363,test
15364,train
15365,train
15366,train
15367,train
15368,test
15369,train
15370,train
15371,train
15372,train
15373,train
15374,test
15375,train
15376,test
15377,train
15378,train
15379,train
15380,train
15381,train
15382,train
15383,train
15384,train
15385,train
15386,test
15387,test
15388,test
15389,train
15390,train
15391,validation
15392,train
15393,validation
15394,test
15395,validation
15396,train
15397,train
15398,test
15399,train
15400,test
15401,test
15402,train
15403,test
15404,validation
15405,train
15406,test
15407,train
15408,test
15409,train
15410,train
15411,train
15412,validation
15413,validation
15414,validation
15415,train
15416,train
15417,test
15418,train
15419,train
15420,validation
15421,train
15422,test
15423,test
15424,test
15425,test
15426,test
15427,validation
15428,train
15429,train
15430,validation
15431,train
15432,validation
15433,validation
15434,validation
15435,train
15436,train
15437,validation
15438,train
15439,train
15440,validation
15441,train
15442,train
15443,train
15444,train
15445,validation
15446,train
15447,train
15448,train
15449,train
15450,test
15451,validation
15452,validation
15453,test
15454,train
15455,test
15456,train
15457,train
15458,test
15459,train
15460,validation
15461,test
15462,train
15463,test
15464,train
15465,test
15466,train
15467,validation
15468,train
15469,test
15470,test
15471,train
15472,train
15473,train
15474,train
15475,train
15476,train
15477,validation
15478,validation
15479,test
15480,train
15481,train
15482,train
15483,test
15484,validation
15485,train
15486,train
15487,train
15488,train
15489,validation
15490,train
15491,validation
15492,test
15493,train
15494,train
15495,train
15496,train
15497,train
15498,test
15499,validation
15500,train
15501,validation
15502,train
15503,validation
15504,train
15505,train
15506,train
15507,test
15508,train
15509,train
15510,train
15511,train
15512,train
15513,validation
15514,test
15515,train
15516,train
15517,train
15518,train
15519,train
15520,test
15521,test
15522,validation
15523,train
15524,test
15525,train
15526,test
15527,train
15528,test
15529,train
15530,test
15531,validation
15532,test
15533,train
15534,train
15535,validation
15536,train
15537,train
15538,validation
15539,train
15540,train
15541,train
15542,test
15543,train
15544,train
15545,train
15546,test
15547,train
15548,validation
15549,test
15550,train
15551,validation
15552,train
15553,validation
15554,train
15555,validation
15556,validation
15557,train
15558,test
15559,train
15560,validation
15561,train
15562,train
15563,train
15564,validation
15565,train
15566,train
15567,validation
15568,validation
15569,test
15570,train
15571,validation
15572,train
15573,train
15574,test
15575,validation
15576,train
15577,train
15578,train
15579,validation
15580,train
15581,train
15582,train
15583,train
15584,train
15585,validation
15586,train
15587,test
15588,train
15589,test
15590,validation
15591,test
15592,train
15593,validation
15594,test
15595,train
15596,train
15597,test
15598,validation
15599,validation
15600,test
15601,train
15602,validation
15603,train
15604,test
15605,train
15606,train
15607,train
15608,validation
15609,train
15610,train
15611,validation
15612,validation
15613,train
15614,test
15615,train
15616,test
15617,validation
15618,test
15619,test
15620,validation
15621,train
15622,test
15623,train
15624,validation
15625,train
15626,train
15627,train
15628,train
15629,train
15630,train
15631,train
15632,train
15633,train
15634,train
15635,train
15636,test
15637,validation
15638,train
15639,train
15640,test
15641,validation
15642,test
15643,train
15644,train
15645,validation
15646,train
15647,train
15648,train
15649,validation
15650,train
15651,train
15652,train
15653,validation
15654,test
15655,test
15656,validation
15657,train
15658,train
15659,train
15660,test
15661,test
15662,train
15663,train
15664,validation
15665,train
15666,train
15667,test
15668,train
15669,train
15670,test
15671,train
15672,train
15673,train
15674,train
15675,test
15676,train
15677,train
15678,train
15679,train
15680,train
15681,validation
15682,test
15683,validation
15684,test
15685,train
15686,train
15687,train
15688,validation
15689,train
15690,train
15691,test
15692,train
15693,test
15694,test
15695,train
15696,validation
15697,train
15698,test
15699,train
15700,test
15701,train
15702,train
15703,test
15704,test
15705,validation
15706,test
15707,train
15708,train
15709,train
15710,validation
15711,validation
15712,train
15713,test
15714,train
15715,train
15716,train
15717,validation
15718,test
15719,validation
15720,train
15721,test
15722,train
15723,test
15724,train
15725,validation
15726,train
15727,train
15728,validation
15729,test
15730,train
15731,test
15732,test
15733,train
15734,train
15735,train
15736,train
15737,train
15738,train
15739,train
15740,train
15741,validation
15742,train
15743,validation
15744,test
15745,validation
15746,validation
15747,train
15748,train
15749,train
15750,train
15751,train
15752,train
15753,test
15754,train
15755,train
15756,train
15757,train
15758,test
15759,train
15760,train
15761,train
15762,test
15763,train
15764,validation
15765,test
15766,train
15767,train
15768,test
15769,validation
15770,test
15771,train
15772,train
15773,train
15774,train
15775,test
15776,train
15777,validation
15778,test
15779,validation
15780,train
15781,train
15782,validation
15783,validation
15784,train
15785,test
15786,train
15787,train
15788,test
15789,validation
15790,train
15791,test
15792,train
15793,train
15794,test
15795,test
15796,train
15797,train
15798,train
15799,train
15800,test
15801,train
15802,test
15803,train
15804,train
15805,validation
15806,train
15807,test
15808,train
15809,train
15810,validation
15811,test
15812,train
15813,validation
15814,train
15815,validation
15816,train
15817,train
15818,train
15819,test
15820,train
15821,train
15822,test
15823,train
15824,train
15825,train
15826,validation
15827,train
15828,validation
15829,train
15830,train
15831,train
15832,train
15833,train
15834,train
15835,train
15836,validation
15837,test
15838,validation
15839,train
15840,validation
15841,train
15842,validation
15843,train
15844,train
15845,train
15846,train
15847,train
15848,test
15849,test
15850,train
15851,validation
15852,validation
15853,train
15854,train
15855,train
15856,validation
15857,validation
15858,validation
15859,validation
15860,test
15861,validation
15862,test
15863,validation
15864,train
15865,train
15866,train
15867,train
15868,train
15869,test
15870,validation
15871,validation
15872,train
15873,test
15874,train
15875,train
15876,train
15877,train
15878,test
15879,validation
15880,train
15881,train
15882,train
15883,test
15884,train
15885,train
15886,train
15887,test
15888,test
15889,test
15890,test
15891,test
15892,train
15893,train
15894,validation
15895,train
15896,train
15897,train
15898,test
15899,train
15900,test
15901,test
15902,train
15903,train
15904,train
15905,validation
15906,train
15907,test
15908,train
15909,train
15910,test
15911,train
15912,train
15913,train
15914,train
15915,validation
15916,train
15917,validation
15918,train
15919,train
15920,train
15921,validation
15922,validation
15923,train
15924,test
15925,train
15926,test
15927,train
15928,train
15929,validation
15930,validation
15931,test
15932,train
15933,train
15934,train
15935,train
15936,test
15937,validation
15938,train
15939,train
15940,train
15941,train
15942,train
15943,validation
15944,train
15945,train
15946,test
15947,train
15948,train
15949,validation
15950,train
15951,test
15952,train
15953,train
15954,train
15955,validation
15956,test
15957,train
15958,train
15959,train
15960,train
15961,test
15962,train
15963,train
15964,validation
15965,test
15966,train
15967,train
15968,train
15969,validation
15970,train
15971,train
15972,train
15973,test
15974,train
15975,test
15976,train
15977,test
15978,train
15979,train
15980,train
15981,test
15982,train
15983,train
15984,train
15985,validation
15986,train
15987,train
15988,train
15989,test
15990,train
15991,train
15992,validation
15993,validation
15994,train
15995,train
15996,train
15997,test
15998,validation
15999,train
16000,train
16001,train
16002,train
16003,validation
16004,train
16005,train
16006,test
16007,train
16008,test
16009,validation
16010,test
16011,validation
16012,train
16013,test
16014,train
16015,train
16016,train
16017,train
16018,train
16019,test
16020,validation
16021,train
16022,train
16023,train
16024,train
16025,train
16026,train
16027,train
16028,train
16029,train
16030,validation
16031,train
16032,validation
16033,train
16034,train
16035,train
16036,train
16037,validation
16038,train
16039,validation
16040,train
16041,train
16042,train
16043,train
16044,train
16045,train
16046,train
16047,train
16048,train
16049,train
16050,train
16051,test
16052,test
16053,train
16054,validation
16055,validation
16056,test
16057,test
16058,validation
16059,train
16060,train
16061,train
16062,validation
16063,validation
16064,train
16065,train
16066,train
16067,validation
16068,train
16069,train
16070,test
16071,train
16072,test
16073,train
16074,test
16075,train
16076,train
16077,validation
16078,train
16079,train
16080,train
16081,test
16082,test
16083,train
16084,validation
16085,train
16086,validation
16087,train
16088,test
16089,test
16090,train
16091,train
16092,train
16093,train
16094,train
16095,train
16096,train
16097,train
16098,train
16099,train
16100,test
16101,test
16102,train
16103,train
16104,test
16105,test
16106,validation
16107,train
16108,validation
16109,train
16110,validation
16111,train
16112,train
16113,train
16114,train
16115,train
16116,train
16117,train
16118,train
16119,train
16120,train
16121,validation
16122,test
16123,train
16124,test
16125,validation
16126,test
16127,train
16128,train
16129,test
16130,test
16131,validation
16132,test
16133,test
16134,train
16135,validation
16136,train
16137,train
16138,train
16139,train
16140,test
16141,train
16142,train
16143,train
16144,test
16145,validation
16146,validation
16147,train
16148,test
16149,train
16150,train
16151,validation
16152,train
16153,train
16154,train
16155,train
16156,train
16157,train
16158,train
16159,train
16160,train
16161,train
16162,train
16163,validation
16164,train
16165,train
16166,train
16167,train
16168,validation
16169,validation
16170,validation
16171,validation
16172,train
16173,validation
16174,train
16175,train
16176,train
16177,test
16178,train
16179,train
16180,validation
16181,train
16182,train
16183,train
16184,validation
16185,validation
16186,train
16187,validation
16188,validation
16189,train
16190,train
16191,train
16192,train
16193,test
16194,validation
16195,validation
16196,test
16197,train
16198,train
16199,validation
16200,validation
16201,validation
16202,train
16203,validation
16204,train
16205,train
16206,train
16207,train
16208,validation
16209,train
16210,train
16211,validation
16212,train
16213,train
16214,train
16215,train
16216,train
16217,train
16218,validation
16219,train
16220,test
16221,validation
16222,validation
16223,train
16224,train
16225,train
16226,train
16227,train
16228,train
16229,train
16230,train
16231,train
16232,train
16233,train
16234,validation
16235,train
16236,train
16237,train
16238,validation
16239,train
16240,train
16241,test
16242,train
16243,train
16244,train
16245,train
16246,train
16247,validation
16248,validation
16249,train
16250,test
16251,test
16252,train
16253,train
16254,train
16255,test
16256,train
16257,test
16258,train
16259,train
16260,train
16261,validation
16262,train
16263,test
16264,validation
16265,train
16266,train
16267,test
16268,train
16269,validation
16270,train
16271,train
16272,test
16273,train
16274,test
16275,validation
16276,train
16277,test
16278,test
16279,train
16280,test
16281,validation
16282,train
16283,train
16284,test
16285,train
16286,train
16287,train
16288,train
16289,train
16290,validation
16291,train
16292,validation
16293,train
16294,train
16295,test
16296,validation
16297,validation
16298,train
16299,train
16300,train
16301,train
16302,train
16303,train
16304,train
16305,train
16306,train
16307,train
16308,train
16309,test
16310,validation
16311,train
16312,train
16313,test
16314,validation
16315,train
16316,train
16317,train
16318,train
16319,train
16320,validation
16321,train
16322,test
16323,train
16324,train
16325,train
16326,test
16327,train
16328,test
16329,train
16330,train
16331,train
16332,train
16333,train
16334,train
16335,validation
16336,test
16337,validation
16338,validation
16339,validation
16340,train
16341,train
16342,validation
16343,test
16344,train
16345,test
16346,train
16347,validation
16348,train
16349,train
16350,validation
16351,train
16352,train
16353,train
16354,validation
16355,train
16356,train
16357,train
16358,validation
16359,train
16360,validation
16361,train
16362,train
16363,test
16364,validation
16365,train
16366,train
16367,validation
16368,test
16369,train
16370,train
16371,validation
16372,train
16373,validation
16374,test
16375,train
16376,train
16377,train
16378,test
16379,train
16380,train
16381,test
16382,validation
16383,train
16384,train
16385,train
16386,train
16387,train
16388,test
16389,validation
16390,train
16391,validation
16392,train
16393,test
16394,test
16395,train
16396,test
16397,train
16398,train
16399,train
16400,train
16401,train
16402,test
16403,train
16404,train
16405,train
16406,train
16407,test
16408,train
16409,train
16410,train
16411,train
16412,train
16413,train
16414,train
16415,train
16416,train
16417,train
16418,test
16419,train
16420,train
16421,train
16422,validation
16423,train
16424,train
16425,test
16426,train
16427,validation
16428,train
16429,train
16430,test
16431,train
16432,validation
16433,train
16434,train
16435,train
16436,test
16437,test
16438,validation
16439,train
16440,train
16441,train
16442,train
16443,train
16444,validation
16445,train
16446,test
16447,test
16448,train
16449,train
16450,validation
16451,train
16452,train
16453,test
16454,validation
16455,train
16456,train
16457,test
16458,validation
16459,validation
16460,test
16461,test
16462,train
16463,train
16464,test
16465,validation
16466,validation
16467,validation
16468,validation
16469,test
16470,train
16471,test
16472,train
16473,train
16474,train
16475,train
16476,train
16477,train
16478,train
16479,validation
16480,train
16481,train
16482,validation
16483,train
16484,train
16485,train
16486,train
16487,train
16488,validation
16489,train
16490,validation
16491,test
16492,train
16493,train
16494,train
16495,test
16496,train
16497,train
16498,train
16499,train
16500,train
16501,validation
16502,validation
16503,validation
16504,test
16505,train
16506,validation
16507,train
16508,train
16509,test
16510,train
16511,train
16512,train
16513,train
16514,train
16515,train
16516,validation
16517,test
16518,train
16519,train
16520,test
16521,validation
16522,train
16523,test
16524,test
16525,test
16526,train
16527,test
16528,train
16529,validation
16530,train
16531,validation
16532,validation
16533,validation
16534,test
16535,train
16536,train
16537,validation
16538,validation
16539,train
16540,validation
16541,train
16542,train
16543,test
16544,train
16545,validation
16546,test
16547,train
16548,train
16549,train
16550,train
16551,train
16552,train
16553,train
16554,validation
16555,test
16556,train
16557,validation
16558,validation
16559,train
16560,validation
16561,validation
16562,train
16563,train
16564,train
16565,test
16566,validation
16567,train
16568,train
16569,train
16570,validation
16571,validation
16572,test
16573,train
16574,train
16575,validation
16576,test
16577,train
16578,train
16579,validation
16580,train
16581,test
16582,validation
16583,test
16584,train
16585,train
16586,test
16587,test
16588,train
16589,train
16590,train
16591,train
16592,train
16593,train
16594,validation
16595,test
16596,train
16597,train
16598,test
16599,validation
16600,train
16601,train
16602,train
16603,validation
16604,train
16605,train
16606,validation
16607,test
16608,train
16609,train
16610,train
16611,train
16612,test
16613,test
16614,train
16615,train
16616,train
16617,train
16618,validation
16619,train
16620,train
16621,validation
16622,train
16623,test
16624,validation
16625,validation
16626,test
16627,validation
16628,train
16629,train
16630,test
16631,test
16632,validation
16633,validation
16634,train
16635,train
16636,validation
16637,validation
16638,validation
16639,test
16640,train
16641,train
16642,train
16643,test
16644,train
16645,train
16646,train
16647,train
16648,validation
16649,train
16650,validation
16651,validation
16652,validation
16653,validation
16654,train
16655,train
16656,test
16657,test
16658,train
16659,test
16660,train
16661,test
16662,train
16663,train
16664,train
16665,test
16666,test
16667,train
16668,train
16669,train
16670,validation
16671,train
16672,train
16673,test
16674,train
16675,validation
16676,train
16677,train
16678,train
16679,train
16680,train
16681,train
16682,train
16683,test
16684,train
16685,train
16686,test
16687,test
16688,train
16689,train
16690,test
16691,train
16692,train
16693,train
16694,validation
16695,train
16696,train
16697,train
16698,train
16699,train
16700,validation
16701,train
16702,train
16703,test
16704,validation
16705,test
16706,train
16707,test
16708,train
16709,validation
16710,train
16711,train
16712,train
16713,test
16714,validation
16715,train
16716,train
16717,test
16718,train
16719,train
16720,train
16721,train
16722,train
16723,train
16724,train
16725,train
16726,train
16727,train
16728,validation
16729,train
16730,test
16731,train
16732,train
16733,train
16734,validation
16735,test
16736,train
16737,train
16738,train
16739,train
16740,validation
16741,train
16742,train
16743,train
16744,train
16745,train
16746,validation
16747,validation
16748,train
16749,test
16750,train
16751,validation
16752,train
16753,train
16754,train
16755,train
16756,train
16757,test
16758,train
16759,validation
16760,validation
16761,test
16762,test
16763,validation
16764,train
16765,train
16766,train
16767,train
16768,validation
16769,test
16770,validation
16771,train
16772,validation
16773,train
16774,train
16775,train
16776,train
16777,validation
16778,train
16779,train
16780,train
16781,validation
16782,train
16783,test
16784,train
16785,validation
16786,test
16787,validation
16788,validation
16789,test
16790,train
16791,validation
16792,train
16793,train
16794,train
16795,validation
16796,test
16797,train
16798,train
16799,train
16800,train
16801,validation
16802,validation
16803,validation
16804,test
16805,train
16806,validation
16807,train
16808,train
16809,test
16810,validation
16811,test
16812,train
16813,train
16814,train
16815,train
16816,train
16817,train
16818,validation
16819,test
16820,train
16821,test
16822,validation
16823,train
16824,test
16825,train
16826,validation
16827,train
16828,train
16829,train
16830,train
16831,test
16832,train
16833,train
16834,test
16835,train
16836,train
16837,train
16838,train
16839,validation
16840,validation
16841,train
16842,test
16843,test
16844,train
16845,train
16846,train
16847,test
16848,train
16849,train
16850,train
16851,train
16852,train
16853,train
16854,test
16855,validation
16856,train
16857,test
16858,train
16859,train
16860,train
16861,train
16862,train
16863,train
16864,validation
16865,train
16866,train
16867,test
16868,train
16869,validation
16870,train
16871,train
16872,validation
16873,train
16874,validation
16875,validation
16876,train
16877,train
16878,train
16879,train
16880,train
16881,train
16882,train
16883,test
16884,train
16885,test
16886,train
16887,validation
16888,train
16889,train
16890,train
16891,test
16892,test
16893,validation
16894,train
16895,train
16896,train
16897,train
16898,train
16899,train
16900,train
16901,validation
16902,train
16903,train
16904,train
16905,train
16906,validation
16907,test
16908,train
16909,train
16910,test
16911,train
16912,train
16913,train
16914,test
16915,train
16916,test
16917,train
16918,train
16919,validation
16920,train
16921,train
16922,test
16923,train
16924,train
16925,train
16926,train
16927,train
16928,validation
16929,train
16930,train
16931,train
16932,test
16933,train
16934,validation
16935,test
16936,validation
16937,train
16938,train
16939,test
16940,validation
16941,test
16942,train
16943,train
16944,train
16945,train
16946,test
16947,train
16948,test
16949,train
16950,train
16951,validation
16952,train
16953,train
16954,validation
16955,test
16956,train
16957,train
16958,train
16959,train
16960,train
16961,train
16962,train
16963,train
16964,train
16965,test
16966,train
16967,train
16968,train
16969,train
16970,test
16971,train
16972,train
16973,validation
16974,train
16975,train
16976,train
16977,train
16978,train
16979,train
16980,train
16981,train
16982,train
16983,validation
16984,validation
16985,validation
16986,train
16987,train
16988,train
16989,train
16990,train
16991,train
16992,test
16993,validation
16994,train
16995,test
16996,train
16997,test
16998,train
16999,train
17000,validation
17001,train
17002,train
17003,train
17004,train
17005,test
17006,test
17007,train
17008,validation
17009,train
17010,validation
17011,validation
17012,test
17013,train
17014,train
17015,train
17016,train
17017,test
17018,train
17019,train
17020,train
17021,train
17022,test
17023,train
17024,test
17025,validation
17026,validation
17027,validation
17028,train
17029,train
17030,test
17031,validation
17032,train
17033,train
17034,train
17035,train
17036,train
17037,train
17038,validation
17039,train
17040,validation
17041,train
17042,train
17043,test
17044,test
17045,train
17046,train
17047,train
17048,validation
17049,train
17050,train
17051,train
17052,validation
17053,train
17054,train
17055,train
17056,train
17057,test
17058,train
17059,validation
17060,train
17061,test
17062,test
17063,train
17064,train
17065,train
17066,test
17067,train
17068,train
17069,train
17070,train
17071,train
17072,train
17073,validation
17074,train
17075,test
17076,train
17077,test
17078,train
17079,train
17080,train
17081,train
17082,validation
17083,train
17084,validation
17085,validation
17086,test
17087,train
17088,validation
17089,validation
17090,test
17091,train
17092,train
17093,validation
17094,test
17095,train
17096,train
17097,train
17098,train
17099,train
17100,train
17101,train
17102,train
17103,test
17104,train
17105,train
17106,train
17107,train
17108,train
17109,train
17110,train
17111,test
17112,test
17113,validation
17114,train
17115,validation
17116,validation
17117,train
17118,validation
17119,validation
17120,test
17121,test
17122,test
17123,train
17124,train
17125,validation
17126,validation
17127,train
17128,validation
17129,test
17130,train
17131,train
17132,validation
17133,train
17134,test
17135,validation
17136,validation
17137,train
17138,test
17139,train
17140,train
17141,train
17142,train
17143,test
17144,train
17145,train
17146,train
17147,train
17148,train
17149,train
17150,validation
17151,train
17152,validation
17153,train
17154,train
17155,train
17156,validation
17157,train
17158,test
17159,train
17160,train
17161,train
17162,train
17163,train
17164,test
17165,validation
17166,test
17167,test
17168,validation
17169,test
17170,train
17171,validation
17172,train
17173,test
17174,train
17175,test
17176,test
17177,test
17178,test
17179,train
17180,train
17181,train
17182,train
17183,test
17184,train
17185,test
17186,train
17187,train
17188,train
17189,train
17190,validation
17191,train
17192,train
17193,test
17194,train
17195,train
17196,train
17197,train
17198,train
17199,train
17200,train
17201,train
17202,train
17203,train
17204,validation
17205,train
17206,train
17207,train
17208,test
17209,validation
17210,test
17211,validation
17212,train
17213,test
17214,test
17215,train
17216,train
17217,validation
17218,train
17219,train
17220,train
17221,validation
17222,train
17223,test
17224,train
17225,train
17226,train
17227,train
17228,train
17229,train
17230,validation
17231,test
17232,train
17233,train
17234,validation
17235,train
17236,train
17237,train
17238,test
17239,train
17240,train
17241,test
17242,train
17243,test
17244,test
17245,validation
17246,train
17247,train
17248,train
17249,test
17250,validation
17251,train
17252,validation
17253,test
17254,train
17255,train
17256,train
17257,train
17258,test
17259,validation
17260,validation
17261,validation
17262,validation
17263,train
17264,train
17265,validation
17266,train
17267,test
17268,train
17269,train
17270,test
17271,validation
17272,validation
17273,train
17274,train
17275,train
17276,test
17277,validation
17278,train
17279,train
17280,validation
17281,validation
17282,train
17283,test
17284,train
17285,validation
17286,train
17287,train
17288,validation
17289,validation
17290,validation
17291,validation
17292,train
17293,validation
17294,train
17295,test
17296,test
17297,train
17298,validation
17299,train
17300,train
17301,test
17302,test
17303,train
17304,validation
17305,test
17306,train
17307,train
17308,train
17309,train
17310,train
17311,train
17312,train
17313,train
17314,train
17315,test
17316,train
17317,train
17318,train
17319,test
17320,test
17321,train
17322,validation
17323,train
17324,test
17325,train
17326,train
17327,train
17328,train
17329,test
17330,validation
17331,train
17332,train
17333,train
17334,validation
17335,train
17336,train
17337,validation
17338,train
17339,test
17340,train
17341,train
17342,train
17343,train
17344,train
17345,train
17346,train
17347,train
17348,train
17349,train
17350,test
17351,train
17352,validation
17353,validation
17354,train
17355,test
17356,train
17357,train
17358,train
17359,train
17360,train
17361,train
17362,test
17363,train
17364,train
17365,train
17366,train
17367,validation
17368,train
17369,train
17370,validation
17371,train
17372,train
17373,validation
17374,train
17375,train
17376,test
17377,test
17378,validation
17379,train
17380,test
17381,train
17382,train
17383,test
17384,validation
17385,train
17386,train
17387,train
17388,train
17389,train
17390,validation
17391,train
17392,test
17393,validation
17394,test
17395,train
17396,test
17397,train
17398,train
17399,validation
17400,test
17401,train
17402,test
17403,train
17404,train
17405,test
17406,test
17407,train
17408,train
17409,test
17410,train
17411,test
17412,train
17413,test
17414,test
17415,validation
17416,train
17417,train
17418,test
17419,train
17420,validation
17421,test
17422,train
17423,validation
17424,test
17425,train
17426,train
17427,test
17428,validation
17429,train
17430,validation
17431,train
17432,train
17433,train
17434,train
17435,test
17436,test
17437,train
17438,train
17439,train
17440,train
17441,train
17442,train
17443,train
17444,train
17445,train
17446,train
17447,train
17448,validation
17449,test
17450,train
17451,train
17452,validation
17453,train
17454,train
17455,test
17456,train
17457,train
17458,train
17459,train
17460,train
17461,validation
17462,test
17463,test
17464,validation
17465,train
17466,validation
17467,train
17468,test
17469,train
17470,test
17471,train
17472,validation
17473,test
17474,validation
17475,test
17476,train
17477,validation
17478,train
17479,train
17480,train
17481,validation
17482,train
17483,test
17484,train
17485,train
17486,test
17487,train
17488,train
17489,train
17490,train
17491,test
17492,train
17493,train
17494,train
17495,train
17496,test
17497,train
17498,train
17499,train
17500,validation
17501,train
17502,validation
17503,validation
17504,test
17505,train
17506,test
17507,validation
17508,train
17509,test
17510,train
17511,test
17512,train
17513,train
17514,train
17515,train
17516,validation
17517,validation
17518,validation
17519,test
17520,test
17521,validation
17522,validation
17523,test
17524,train
17525,validation
17526,train
17527,train
17528,train
17529,validation
17530,train
17531,train
17532,test
17533,validation
17534,train
17535,train
17536,test
17537,train
17538,train
17539,validation
17540,test
17541,train
17542,test
17543,validation
17544,train
17545,validation
17546,train
17547,train
17548,test
17549,train
17550,train
17551,train
17552,train
17553,train
17554,validation
17555,train
17556,test
17557,train
17558,test
17559,test
17560,train
17561,train
17562,train
17563,train
17564,train
17565,test
17566,validation
17567,train
17568,train
17569,train
17570,test
17571,validation
17572,test
17573,train
17574,validation
17575,train
17576,test
17577,train
17578,train
17579,train
17580,validation
17581,validation
17582,train
17583,train
17584,test
17585,train
17586,test
17587,validation
17588,train
17589,test
17590,validation
17591,train
17592,train
17593,train
17594,train
17595,train
17596,train
17597,train
17598,test
17599,test
17600,train
17601,test
17602,train
17603,train
17604,test
17605,validation
17606,validation
17607,train
17608,train
17609,validation
17610,train
17611,validation
17612,train
17613,validation
17614,train
17615,train
17616,train
17617,train
17618,train
17619,test
17620,test
17621,test
17622,test
17623,train
17624,train
17625,train
17626,validation
17627,test
17628,train
17629,train
17630,train
17631,validation
17632,validation
17633,validation
17634,validation
17635,validation
17636,test
17637,train
17638,train
17639,train
17640,train
17641,train
17642,train
17643,train
17644,train
17645,train
17646,train
17647,test
17648,test
17649,validation
17650,test
17651,train
17652,train
17653,train
17654,train
17655,train
17656,train
17657,validation
17658,train
17659,validation
17660,train
17661,validation
17662,train
17663,test
17664,train
17665,test
17666,validation
17667,validation
17668,train
17669,train
17670,train
17671,train
17672,validation
17673,test
17674,validation
17675,validation
17676,validation
17677,validation
17678,train
17679,train
17680,test
17681,train
17682,test
17683,train
17684,test
17685,train
17686,test
17687,train
17688,validation
17689,train
17690,train
17691,train
17692,test
17693,validation
17694,test
17695,test
17696,train
17697,train
17698,validation
17699,train
17700,train
17701,train
17702,test
17703,train
17704,train
17705,validation
17706,train
17707,train
17708,test
17709,train
17710,train
17711,validation
17712,train
17713,validation
17714,train
17715,train
17716,train
17717,train
17718,validation
17719,train
17720,train
17721,test
17722,train
17723,validation
17724,train
17725,train
17726,validation
17727,train
17728,train
17729,test
17730,train
17731,test
17732,train
17733,train
17734,train
17735,train
17736,test
17737,validation
17738,test
17739,test
17740,test
17741,train
17742,train
17743,train
17744,train
17745,train
17746,train
17747,train
17748,train
17749,train
17750,train
17751,train
17752,validation
17753,validation
17754,test
17755,train
17756,validation
17757,train
17758,train
17759,test
17760,test
17761,train
17762,train
17763,test
17764,validation
17765,train
17766,train
17767,train
17768,test
17769,train
17770,test
17771,train
17772,train
17773,validation
17774,test
17775,test
17776,train
17777,train
17778,validation
17779,test
17780,train
17781,train
17782,validation
17783,train
17784,train
17785,train
17786,train
17787,train
17788,train
17789,train
17790,train
17791,train
17792,train
17793,train
17794,train
17795,validation
17796,test
17797,train
17798,train
17799,train
17800,test
17801,train
17802,train
17803,train
17804,validation
17805,train
17806,validation
17807,test
17808,test
17809,train
17810,test
17811,validation
17812,validation
17813,train
17814,train
17815,train
17816,test
17817,train
17818,train
17819,test
17820,train
17821,train
17822,train
17823,train
17824,test
17825,validation
17826,train
17827,train
17828,validation
17829,train
17830,validation
17831,validation
17832,validation
17833,train
17834,train
17835,validation
17836,train
17837,test
17838,train
17839,train
17840,train
17841,train
17842,validation
17843,train
17844,train
17845,train
17846,train
17847,test
17848,train
17849,test
17850,train
17851,validation
17852,train
17853,train
17854,validation
17855,train
17856,train
17857,validation
17858,test
17859,validation
17860,train
17861,train
17862,test
17863,train
17864,train
17865,train
17866,train
17867,validation
17868,test
17869,train
17870,train
17871,train
17872,train
17873,train
17874,validation
17875,train
17876,test
17877,train
17878,train
17879,test
17880,validation
17881,train
17882,train
17883,train
17884,train
17885,train
17886,train
17887,test
17888,train
17889,train
17890,train
17891,validation
17892,test
17893,test
17894,test
17895,train
17896,test
17897,train
17898,train
17899,validation
17900,train
17901,test
17902,validation
17903,train
17904,train
17905,train
17906,train
17907,train
17908,train
17909,validation
17910,train
17911,train
17912,test
17913,train
17914,train
17915,train
17916,validation
17917,train
17918,train
17919,train
17920,train
17921,train
17922,validation
17923,train
17924,test
17925,train
17926,validation
17927,train
17928,test
17929,train
17930,train
17931,validation
17932,test
17933,test
17934,train
17935,train
17936,train
17937,train
17938,train
17939,train
17940,train
17941,train
17942,train
17943,test
17944,validation
17945,train
17946,train
17947,train
17948,test
17949,test
17950,train
17951,validation
17952,train
17953,train
17954,train
17955,train
17956,train
17957,train
17958,train
17959,train
17960,validation
17961,train
17962,train
17963,validation
17964,train
17965,train
17966,train
17967,validation
17968,train
17969,train
17970,train
17971,train
17972,validation
17973,train
17974,train
17975,train
17976,test
17977,train
17978,train
17979,validation
17980,test
17981,train
17982,train
17983,train
17984,train
17985,train
17986,train
17987,train
17988,test
17989,validation
17990,train
17991,train
17992,validation
17993,test
17994,train
17995,validation
17996,train
17997,validation
17998,validation
17999,test
18000,train
18001,train
18002,train
18003,validation
18004,test
18005,validation
18006,test
18007,train
18008,train
18009,validation
18010,train
18011,validation
18012,train
18013,validation
18014,validation
18015,train
18016,train
18017,test
18018,test
18019,train
18020,validation
18021,validation
18022,train
18023,test
18024,train
18025,train
18026,test
18027,validation
18028,train
18029,train
18030,train
18031,test
18032,validation
18033,train
18034,train
18035,train
18036,train
18037,train
18038,validation
18039,train
18040,train
18041,test
18042,test
18043,train
18044,train
18045,train
18046,train
18047,train
18048,validation
18049,validation
18050,train
18051,validation
18052,train
18053,train
18054,train
18055,validation
18056,validation
18057,test
18058,validation
18059,validation
18060,test
18061,train
18062,train
18063,train
18064,train
18065,train
18066,train
18067,validation
18068,train
18069,train
18070,test
18071,train
18072,test
18073,train
18074,validation
18075,train
18076,train
18077,train
18078,train
18079,train
18080,validation
18081,train
18082,test
18083,validation
18084,train
18085,test
18086,train
18087,test
18088,validation
18089,test
18090,train
18091,train
18092,train
18093,test
18094,test
18095,test
18096,test
18097,train
18098,train
18099,test
18100,validation
18101,train
18102,train
18103,train
18104,validation
18105,train
18106,test
18107,train
18108,train
18109,test
18110,validation
18111,train
18112,validation
18113,train
18114,train
18115,train
18116,test
18117,train
18118,test
18119,validation
18120,validation
18121,train
18122,train
18123,validation
18124,test
18125,train
18126,train
18127,train
18128,train
18129,validation
18130,validation
18131,train
18132,test
18133,validation
18134,test
18135,test
18136,train
18137,test
18138,train
18139,train
18140,test
18141,train
18142,train
18143,train
18144,train
18145,validation
18146,train
18147,train
18148,train
18149,train
18150,train
18151,validation
18152,validation
18153,validation
18154,validation
18155,validation
18156,validation
18157,test
18158,train
18159,train
18160,test
18161,train
18162,train
18163,train
18164,test
18165,test
18166,test
18167,train
18168,train
18169,train
18170,train
18171,train
18172,test
18173,train
18174,train
18175,train
18176,test
18177,train
18178,train
18179,train
18180,train
18181,validation
18182,train
18183,test
18184,validation
18185,train
18186,train
18187,validation
18188,validation
18189,test
18190,train
18191,train
18192,test
18193,train
18194,train
18195,test
18196,train
18197,train
18198,test
18199,validation
18200,test
18201,train
18202,train
18203,validation
18204,train
18205,validation
18206,train
18207,test
18208,train
18209,validation
18210,train
18211,train
18212,test
18213,train
18214,test
18215,train
18216,train
18217,train
18218,train
18219,train
18220,validation
18221,train
18222,train
18223,train
18224,train
18225,train
18226,train
18227,train
18228,train
18229,train
18230,train
18231,train
18232,validation
18233,train
18234,test
18235,test
18236,test
18237,train
18238,train
18239,train
18240,test
18241,train
18242,train
18243,validation
18244,train
18245,train
18246,test
18247,train
18248,validation
18249,test
18250,train
18251,validation
18252,train
18253,test
18254,train
18255,test
18256,test
18257,test
18258,train
18259,train
18260,validation
18261,validation
18262,validation
18263,train
18264,test
18265,train
18266,train
18267,train
18268,train
18269,test
18270,test
18271,validation
18272,train
18273,validation
18274,train
18275,test
18276,train
18277,validation
18278,test
18279,train
18280,train
18281,test
18282,train
18283,train
18284,test
18285,train
18286,train
18287,train
18288,validation
18289,train
18290,train
18291,test
18292,test
18293,train
18294,train
18295,validation
18296,test
18297,test
18298,test
18299,validation
18300,train
18301,test
18302,train
18303,train
18304,train
18305,validation
18306,test
18307,train
18308,train
18309,test
18310,test
18311,train
18312,train
18313,train
18314,train
18315,validation
18316,test
18317,validation
18318,train
18319,train
18320,test
18321,train
18322,train
18323,train
18324,validation
18325,validation
18326,train
18327,train
18328,validation
18329,train
18330,train
18331,test
18332,validation
18333,train
18334,train
18335,validation
18336,train
18337,train
18338,train
18339,validation
18340,validation
18341,train
18342,validation
18343,train
18344,validation
18345,test
18346,train
18347,train
18348,train
18349,test
18350,train
18351,train
18352,train
18353,test
18354,train
18355,train
18356,train
18357,train
18358,test
18359,validation
18360,train
18361,validation
18362,validation
18363,test
18364,test
18365,train
18366,test
18367,test
18368,train
18369,train
18370,validation
18371,train
18372,validation
18373,train
18374,validation
18375,train
18376,validation
18377,train
18378,validation
18379,train
18380,train
18381,validation
18382,validation
18383,validation
18384,train
18385,test
18386,validation
18387,train
18388,train
18389,test
18390,test
18391,train
18392,test
18393,train
18394,test
18395,train
18396,train
18397,train
18398,train
18399,validation
18400,train
18401,train
18402,train
18403,train
18404,train
18405,validation
18406,train
18407,validation
18408,train
18409,test
18410,test
18411,test
18412,validation
18413,train
18414,train
18415,validation
18416,train
18417,train
18418,train
18419,test
18420,validation
18421,train
18422,test
18423,train
18424,test
18425,train
18426,train
18427,train
18428,train
18429,train
18430,train
18431,train
18432,validation
18433,train
18434,validation
18435,test
18436,train
18437,validation
18438,validation
18439,validation
18440,train
18441,validation
18442,train
18443,train
18444,train
18445,train
18446,test
18447,validation
18448,train
18449,validation
18450,train
18451,validation
18452,train
18453,train
18454,train
18455,test
18456,validation
18457,train
18458,train
18459,train
18460,test
18461,train
18462,train
18463,test
18464,train
18465,train
18466,train
18467,train
18468,validation
18469,train
18470,validation
18471,train
18472,test
18473,validation
18474,train
18475,train
18476,validation
18477,test
18478,train
18479,train
18480,train
18481,test
18482,train
18483,test
18484,validation
18485,test
18486,test
18487,test
18488,validation
18489,train
18490,test
18491,train
18492,test
18493,validation
18494,train
18495,train
18496,validation
18497,train
18498,train
18499,train
18500,train
18501,train
18502,validation
18503,test
18504,train
18505,train
18506,validation
18507,train
18508,train
18509,validation
18510,test
18511,test
18512,test
18513,train
18514,train
18515,train
18516,train
18517,train
18518,train
18519,test
18520,train
18521,validation
18522,train
18523,train
18524,train
18525,train
18526,train
18527,train
18528,test
18529,train
18530,validation
18531,train
18532,train
18533,train
18534,train
18535,train
18536,train
18537,train
18538,validation
18539,train
18540,test
18541,train
18542,test
18543,test
18544,train
18545,train
18546,train
18547,validation
18548,test
18549,validation
18550,validation
18551,train
18552,train
18553,train
18554,train
18555,validation
18556,validation
18557,train
18558,train
18559,test
18560,test
18561,train
18562,validation
18563,validation
18564,train
18565,train
18566,train
18567,test
18568,train
18569,train
18570,train
18571,train
18572,test
18573,train
18574,test
18575,validation
18576,train
18577,test
18578,test
18579,test
18580,test
18581,train
18582,test
18583,train
18584,train
18585,train
18586,test
18587,test
18588,validation
18589,train
18590,train
18591,test
18592,train
18593,validation
18594,validation
18595,train
18596,validation
18597,train
18598,train
18599,train
18600,test
18601,test
18602,train
18603,validation
18604,train
18605,train
18606,train
18607,test
18608,train
18609,train
18610,train
18611,test
18612,train
18613,test
18614,validation
18615,test
18616,train
18617,train
18618,train
18619,train
18620,validation
18621,train
18622,test
18623,train
18624,train
18625,train
18626,train
18627,validation
18628,train
18629,train
18630,train
18631,train
18632,train
18633,validation
18634,test
18635,validation
18636,train
18637,train
18638,train
18639,train
18640,train
18641,validation
18642,train
18643,validation
18644,validation
18645,train
18646,train
18647,train
18648,train
18649,train
18650,train
18651,validation
18652,test
18653,validation
18654,validation
18655,train
18656,train
18657,train
18658,train
18659,train
18660,test
18661,train
18662,train
18663,train
18664,train
18665,train
18666,train
18667,validation
18668,validation
18669,validation
18670,validation
18671,train
18672,test
18673,train
18674,validation
18675,test
18676,train
18677,validation
18678,validation
18679,test
18680,train
18681,train
18682,train
18683,test
18684,test
18685,train
18686,train
18687,train
18688,train
18689,test
18690,train
18691,test
18692,validation
18693,train
18694,train
18695,train
18696,train
18697,test
18698,train
18699,test
18700,test
18701,train
18702,validation
18703,train
18704,train
18705,train
18706,train
18707,validation
18708,test
18709,train
18710,test
18711,validation
18712,test
18713,validation
18714,train
18715,train
18716,validation
18717,train
18718,validation
18719,train
18720,train
18721,train
18722,train
18723,train
18724,train
18725,train
18726,train
18727,train
18728,train
18729,validation
18730,validation
18731,test
18732,validation
18733,train
18734,test
18735,validation
18736,train
18737,train
18738,train
18739,validation
18740,validation
18741,validation
18742,validation
18743,train
18744,train
18745,test
18746,test
18747,test
18748,train
18749,train
18750,train
18751,test
18752,train
18753,train
18754,test
18755,train
18756,train
18757,train
18758,test
18759,train
18760,train
18761,train
18762,test
18763,train
18764,validation
18765,train
18766,train
18767,train
18768,train
18769,train
18770,train
18771,test
18772,train
18773,validation
18774,test
18775,train
18776,train
18777,train
18778,validation
18779,train
18780,test
18781,train
18782,test
18783,validation
18784,validation
18785,validation
18786,validation
18787,train
18788,train
18789,train
18790,train
18791,train
18792,validation
18793,validation
18794,train
18795,validation
18796,train
18797,train
18798,validation
18799,train
18800,validation
18801,train
18802,train
18803,test
18804,test
18805,validation
18806,validation
18807,validation
18808,train
18809,test
18810,train
18811,validation
18812,train
18813,train
18814,test
18815,validation
18816,train
18817,test
18818,train
18819,train
18820,test
18821,train
18822,train
18823,train
18824,validation
18825,test
18826,train
18827,train
18828,train
18829,train
18830,train
18831,train
18832,train
18833,train
18834,train
18835,train
18836,train
18837,validation
18838,train
18839,test
18840,test
18841,train
18842,train
18843,validation
18844,train
18845,train
18846,validation
18847,train
18848,train
18849,train
18850,train
18851,validation
18852,train
18853,train
18854,test
18855,validation
18856,train
18857,train
18858,train
18859,train
18860,validation
18861,train
18862,validation
18863,train
18864,test
18865,train
18866,train
18867,test
18868,validation
18869,train
18870,validation
18871,train
18872,train
18873,test
18874,train
18875,train
18876,train
18877,train
18878,test
18879,train
18880,train
18881,test
18882,train
18883,test
18884,test
18885,validation
18886,train
18887,train
18888,test
18889,train
18890,train
18891,validation
18892,train
18893,validation
18894,validation
18895,train
18896,train
18897,train
18898,validation
18899,test
18900,validation
18901,train
18902,test
18903,test
18904,train
18905,train
18906,test
18907,train
18908,validation
18909,train
18910,test
18911,train
18912,train
18913,test
18914,train
18915,train
18916,test
18917,train
18918,train
18919,test
18920,train
18921,train
18922,test
18923,test
18924,test
18925,validation
18926,train
18927,train
18928,train
18929,train
18930,test
18931,train
18932,train
18933,train
18934,validation
18935,validation
18936,train
18937,validation
18938,train
18939,validation
18940,train
18941,train
18942,train
18943,train
18944,train
18945,train
18946,train
18947,train
18948,train
18949,train
18950,test
18951,test
18952,train
18953,train
18954,validation
18955,train
18956,test
18957,train
18958,train
18959,test
18960,train
18961,test
18962,test
18963,validation
18964,test
18965,train
18966,test
18967,train
18968,validation
18969,validation
18970,train
18971,train
18972,train
18973,validation
18974,train
18975,test
18976,train
18977,test
18978,train
18979,train
18980,train
18981,train
18982,validation
18983,train
18984,train
18985,validation
18986,train
18987,validation
18988,train
18989,validation
18990,train
18991,train
18992,validation
18993,validation
18994,train
18995,validation
18996,train
18997,train
18998,train
18999,validation
19000,train
19001,train
19002,test
19003,validation
19004,train
19005,train
19006,train
19007,train
19008,train
19009,test
19010,train
19011,validation
19012,validation
19013,train
19014,test
19015,train
19016,train
19017,validation
19018,train
19019,test
19020,train
19021,train
19022,train
19023,train
19024,train
19025,validation
19026,train
19027,test
19028,train
19029,train
19030,test
19031,train
19032,validation
19033,train
19034,validation
19035,train
19036,train
19037,validation
19038,train
19039,train
19040,validation
19041,validation
19042,train
19043,train
19044,train
19045,test
19046,train
19047,test
19048,train
19049,train
19050,train
19051,train
19052,train
19053,train
19054,validation
19055,train
19056,validation
19057,train
19058,train
19059,test
19060,train
19061,test
19062,train
19063,train
19064,train
19065,train
19066,train
19067,train
19068,train
19069,train
19070,train
19071,train
19072,test
19073,validation
19074,validation
19075,test
19076,train
19077,train
19078,test
19079,train
19080,test
19081,validation
19082,train
19083,train
19084,validation
19085,train
19086,train
19087,train
19088,validation
19089,train
19090,train
19091,test
19092,validation
19093,train
19094,train
19095,validation
19096,train
19097,validation
19098,train
19099,validation
19100,train
19101,train
19102,test
19103,train
19104,train
19105,train
19106,train
19107,train
19108,train
19109,validation
19110,train
19111,validation
19112,validation
19113,train
19114,train
19115,validation
19116,train
19117,validation
19118,train
19119,test
19120,test
19121,train
19122,train
19123,train
19124,train
19125,test
19126,train
19127,validation
19128,train
19129,train
19130,train
19131,train
19132,train
19133,train
19134,train
19135,train
19136,test
19137,train
19138,train
19139,validation
19140,validation
19141,train
19142,train
19143,validation
19144,train
19145,train
19146,train
19147,train
19148,train
19149,train
19150,train
19151,test
19152,validation
19153,train
19154,train
19155,train
19156,train
19157,test
19158,train
19159,train
19160,validation
19161,validation
19162,train
19163,test
19164,train
19165,validation
19166,train
19167,train
19168,train
19169,train
19170,train
19171,train
19172,validation
19173,validation
19174,train
19175,train
19176,validation
19177,train
19178,train
19179,train
19180,train
19181,train
19182,train
19183,validation
19184,validation
19185,train
19186,train
19187,train
19188,train
19189,train
19190,test
19191,validation
19192,train
19193,train
19194,train
19195,train
19196,train
19197,train
19198,validation
19199,train
19200,train
19201,validation
19202,validation
19203,test
19204,train
19205,train
19206,train
19207,train
19208,train
19209,train
19210,test
19211,train
19212,train
19213,train
19214,train
19215,train
19216,train
19217,validation
19218,train
19219,validation
19220,validation
19221,test
19222,train
19223,train
19224,train
19225,test
19226,validation
19227,train
19228,train
19229,validation
19230,train
19231,train
19232,train
19233,train
19234,train
19235,train
19236,train
19237,train
19238,validation
19239,test
19240,train
19241,test
19242,train
19243,test
19244,train
19245,train
19246,test
19247,test
19248,train
19249,validation
19250,train
19251,test
19252,train
19253,train
19254,test
19255,train
19256,validation
19257,train
19258,train
19259,test
19260,train
19261,train
19262,train
19263,train
19264,train
19265,train
19266,train
19267,test
19268,train
19269,test
19270,train
19271,train
19272,train
19273,train
19274,validation
19275,train
19276,train
19277,train
19278,test
19279,train
19280,train
19281,test
19282,train
19283,train
19284,validation
19285,test
19286,test
19287,test
19288,validation
19289,validation
19290,train
19291,validation
19292,train
19293,train
19294,validation
19295,test
19296,train
19297,validation
19298,test
19299,train
19300,train
19301,train
19302,train
19303,train
19304,train
19305,test
19306,train
19307,test
19308,test
19309,train
19310,train
19311,train
19312,train
19313,train
19314,validation
19315,train
19316,train
19317,validation
19318,validation
19319,train
19320,train
19321,validation
19322,train
19323,validation
19324,train
19325,train
19326,train
19327,validation
19328,train
19329,validation
19330,validation
19331,test
19332,test
19333,train
19334,train
19335,validation
19336,train
19337,train
19338,train
19339,test
19340,train
19341,train
19342,test
19343,validation
19344,test
19345,test
19346,train
19347,validation
19348,validation
19349,train
19350,validation
19351,test
19352,train
19353,train
19354,train
19355,test
19356,test
19357,train
19358,validation
19359,train
19360,train
19361,train
19362,train
19363,train
19364,validation
19365,test
19366,train
19367,train
19368,train
19369,train
19370,train
19371,train
19372,train
19373,test
19374,train
19375,train
19376,validation
19377,train
19378,validation
19379,validation
19380,validation
19381,train
19382,validation
19383,test
19384,train
19385,train
19386,validation
19387,validation
19388,train
19389,train
19390,train
19391,test
19392,train
19393,validation
19394,train
19395,train
19396,train
19397,validation
19398,validation
19399,validation
19400,test
19401,test
19402,train
19403,train
19404,validation
19405,validation
19406,train
19407,test
19408,train
19409,train
19410,train
19411,train
19412,validation
19413,train
19414,train
19415,train
19416,test
19417,test
19418,train
19419,train
19420,train
19421,train
19422,test
19423,train
19424,validation
19425,train
19426,train
19427,train
19428,train
19429,test
19430,train
19431,train
19432,train
19433,train
19434,test
19435,train
19436,validation
19437,train
19438,validation
19439,train
19440,validation
19441,validation
19442,train
19443,train
19444,train
19445,train
19446,validation
19447,validation
19448,validation
19449,train
19450,train
19451,train
19452,train
19453,train
19454,test
19455,test
19456,test
19457,validation
19458,train
19459,train
19460,train
19461,validation
19462,train
19463,test
19464,train
19465,train
19466,validation
19467,train
19468,validation
19469,test
19470,train
19471,validation
19472,train
19473,validation
19474,validation
19475,train
19476,train
19477,validation
19478,train
19479,train
19480,validation
19481,train
19482,validation
19483,validation
19484,test
19485,train
19486,test
19487,train
19488,test
19489,train
19490,train
19491,train
19492,train
19493,validation
19494,train
19495,train
19496,validation
19497,train
19498,train
19499,train
19500,validation
19501,train
19502,test
19503,train
19504,test
19505,test
19506,test
19507,train
19508,validation
19509,train
19510,test
19511,train
19512,train
19513,train
19514,train
19515,validation
19516,train
19517,test
19518,train
19519,train
19520,train
19521,train
19522,train
19523,test
19524,validation
19525,train
19526,train
19527,validation
19528,test
19529,train
19530,train
19531,train
19532,train
19533,train
19534,train
19535,train
19536,train
19537,train
19538,test
19539,validation
19540,train
19541,test
19542,train
19543,train
19544,train
19545,validation
19546,test
19547,test
19548,train
19549,train
19550,validation
19551,validation
19552,test
19553,test
19554,train
19555,validation
19556,train
19557,train
19558,train
19559,train
19560,test
19561,train
19562,validation
19563,train
19564,train
19565,test
19566,train
19567,test
19568,train
19569,train
19570,test
19571,validation
19572,test
19573,train
19574,test
19575,test
19576,validation
19577,train
19578,validation
19579,train
19580,test
19581,train
19582,train
19583,test
19584,train
19585,train
19586,train
19587,validation
19588,train
19589,validation
19590,train
19591,validation
19592,train
19593,train
19594,validation
19595,test
19596,test
19597,train
19598,validation
19599,train
19600,train
19601,train
19602,train
19603,validation
19604,test
19605,test
19606,validation
19607,train
19608,validation
19609,validation
19610,train
19611,train
19612,train
19613,validation
19614,train
19615,train
19616,test
19617,train
19618,validation
19619,train
19620,validation
19621,test
19622,validation
19623,validation
19624,train
19625,train
19626,validation
19627,train
19628,train
19629,train
19630,validation
19631,validation
19632,train
19633,train
19634,train
19635,test
19636,train
19637,train
19638,train
19639,validation
19640,train
19641,train
19642,validation
19643,train
19644,test
19645,train
19646,test
19647,validation
19648,test
19649,train
19650,train
19651,test
19652,train
19653,train
19654,validation
19655,train
19656,test
19657,train
19658,test
19659,train
19660,validation
19661,validation
19662,test
19663,train
19664,validation
19665,train
19666,train
19667,train
19668,test
19669,train
19670,train
19671,test
19672,train
19673,validation
19674,validation
19675,validation
19676,train
19677,train
19678,validation
19679,validation
19680,test
19681,train
19682,train
19683,train
19684,validation
19685,validation
19686,train
19687,test
19688,validation
19689,test
19690,train
19691,validation
19692,validation
19693,train
19694,train
19695,train
19696,train
19697,train
19698,test
19699,validation
19700,train
19701,train
19702,test
19703,train
19704,test
19705,train
19706,validation
19707,train
19708,validation
19709,test
19710,train
19711,test
19712,train
19713,train
19714,test
19715,train
19716,train
19717,train
19718,test
19719,train
19720,train
19721,train
19722,validation
19723,validation
19724,train
19725,train
19726,train
19727,train
19728,test
19729,train
19730,train
19731,validation
19732,validation
19733,validation
19734,validation
19735,test
19736,test
19737,train
19738,train
19739,test
19740,train
19741,train
19742,test
19743,train
19744,test
19745,train
19746,train
19747,train
19748,test
19749,validation
19750,train
19751,train
19752,train
19753,train
19754,train
19755,train
19756,train
19757,train
19758,test
19759,train
19760,validation
19761,validation
19762,train
19763,train
19764,train
19765,test
19766,train
19767,train
19768,validation
19769,validation
19770,train
19771,validation
19772,test
19773,validation
19774,test
19775,test
19776,train
19777,train
19778,train
19779,train
19780,validation
19781,train
19782,test
19783,train
19784,train
19785,train
19786,train
19787,validation
19788,test
19789,train
19790,train
19791,train
19792,train
19793,validation
19794,train
19795,test
19796,train
19797,train
19798,train
19799,validation
19800,test
19801,train
19802,train
19803,train
19804,train
19805,train
19806,train
19807,train
19808,train
19809,test
19810,train
19811,validation
19812,train
19813,train
19814,train
19815,test
19816,train
19817,train
19818,test
19819,validation
19820,validation
19821,train
19822,validation
19823,train
19824,validation
19825,test
19826,train
19827,train
19828,train
19829,validation
19830,train
19831,train
19832,train
19833,validation
19834,train
19835,validation
19836,train
19837,validation
19838,test
19839,train
19840,train
19841,train
19842,test
19843,train
19844,train
19845,train
19846,train
19847,train
19848,test
19849,train
19850,train
19851,validation
19852,test
19853,train
19854,train
19855,train
19856,validation
19857,validation
19858,validation
19859,validation
19860,train
19861,train
19862,train
19863,validation
19864,train
19865,validation
19866,train
19867,test
19868,train
19869,train
19870,validation
19871,train
19872,train
19873,train
19874,train
19875,train
19876,train
19877,train
19878,test
19879,train
19880,train
19881,train
19882,train
19883,train
19884,test
19885,train
19886,train
19887,test
19888,train
19889,validation
19890,train
19891,test
19892,validation
19893,train
19894,test
19895,validation
19896,validation
19897,train
19898,train
19899,test
19900,test
19901,train
19902,validation
19903,test
19904,validation
19905,test
19906,train
19907,train
19908,train
19909,train
19910,train
19911,validation
19912,train
19913,validation
19914,train
19915,train
19916,test
19917,test
19918,validation
19919,train
19920,train
19921,test
19922,test
19923,train
19924,test
19925,train
19926,test
19927,test
19928,train
19929,train
19930,validation
19931,test
19932,test
19933,train
19934,train
19935,train
19936,train
19937,test
19938,train
19939,test
19940,validation
19941,train
19942,train
19943,train
19944,train
19945,train
19946,train
19947,train
19948,train
19949,train
19950,validation
19951,train
19952,test
19953,train
19954,train
19955,train
19956,train
19957,validation
19958,validation
19959,train
19960,validation
19961,train
19962,test
19963,test
19964,validation
19965,train
19966,train
19967,validation
19968,train
19969,validation
19970,train
19971,validation
19972,test
19973,train
19974,train
19975,train
19976,train
19977,test
19978,train
19979,validation
19980,train
19981,validation
19982,validation
19983,train
19984,train
19985,train
19986,train
19987,validation
19988,train
19989,train
19990,test
19991,test
19992,test
19993,train
19994,train
19995,validation
19996,test
19997,test
19998,validation
19999,train
20000,test
20001,validation
20002,train
20003,train
20004,test
20005,validation
20006,train
20007,train
20008,validation
20009,train
20010,test
20011,test
20012,train
20013,validation
20014,validation
20015,train
20016,train
20017,validation
20018,train
20019,test
20020,validation
20021,train
20022,train
20023,validation
20024,train
20025,test
20026,train
20027,train
20028,train
20029,validation
20030,validation
20031,train
20032,validation
20033,validation
20034,validation
20035,train
20036,validation
20037,train
20038,train
20039,validation
20040,train
20041,test
20042,train
20043,train
20044,train
20045,train
20046,train
20047,train
20048,train
20049,train
20050,train
20051,test
20052,validation
20053,validation
20054,train
20055,train
20056,train
20057,validation
20058,validation
20059,validation
20060,test
20061,validation
20062,train
20063,validation
20064,train
20065,train
20066,train
20067,train
20068,validation
20069,train
20070,train
20071,train
20072,validation
20073,test
20074,validation
20075,train
20076,test
20077,validation
20078,train
20079,train
20080,validation
20081,train
20082,test
20083,validation
20084,test
20085,test
20086,train
20087,test
20088,train
20089,train
20090,test
20091,train
20092,validation
20093,test
20094,test
20095,train
20096,test
20097,test
20098,train
20099,train
20100,train
20101,train
20102,train
20103,train
20104,train
20105,train
20106,train
20107,train
20108,test
20109,train
20110,train
20111,train
20112,train
20113,train
20114,train
20115,train
20116,train
20117,train
20118,train
20119,train
20120,validation
20121,test
20122,train
20123,train
20124,train
20125,train
20126,train
20127,test
20128,train
20129,train
20130,test
20131,train
20132,test
20133,train
20134,train
20135,validation
20136,validation
20137,validation
20138,train
20139,train
20140,train
20141,train
20142,train
20143,train
20144,test
20145,test
20146,train
20147,train
20148,train
20149,train
20150,validation
20151,train
20152,train
20153,train
20154,train
20155,validation
20156,train
20157,train
20158,train
20159,validation
20160,train
20161,validation
20162,train
20163,train
20164,train
20165,train
20166,test
20167,validation
20168,validation
20169,train
20170,train
20171,test
20172,train
20173,train
20174,train
20175,train
20176,test
20177,test
20178,test
20179,test
20180,validation
20181,validation
20182,train
20183,test
20184,validation
20185,train
20186,train
20187,test
20188,train
20189,validation
20190,test
20191,test
20192,train
20193,train
20194,train
20195,validation
20196,train
20197,validation
20198,validation
20199,train
20200,validation
20201,train
20202,train
20203,validation
20204,validation
20205,train
20206,train
20207,train
20208,train
20209,train
20210,train
20211,train
20212,train
20213,train
20214,train
20215,train
20216,train
20217,train
20218,train
20219,train
20220,test
20221,train
20222,train
20223,train
20224,train
20225,test
20226,train
20227,train
20228,validation
20229,train
20230,validation
20231,test
20232,train
20233,train
20234,validation
20235,test
20236,test
20237,train
20238,test
20239,test
20240,train
20241,test
20242,validation
20243,train
20244,train
20245,validation
20246,test
20247,train
20248,train
20249,test
20250,test
20251,train
20252,train
20253,train
20254,train
20255,test
20256,train
20257,validation
20258,validation
20259,train
20260,train
20261,train
20262,validation
20263,train
20264,train
20265,train
20266,train
20267,train
20268,train
20269,validation
20270,validation
20271,validation
20272,train
20273,test
20274,train
20275,train
20276,train
20277,train
20278,test
20279,test
20280,train
20281,validation
20282,train
20283,train
20284,train
20285,test
20286,train
20287,train
20288,train
20289,train
20290,train
20291,test
20292,train
20293,train
20294,validation
20295,validation
20296,validation
20297,train
20298,train
20299,train
20300,test
20301,train
20302,test
20303,train
20304,train
20305,train
20306,train
20307,test
20308,train
20309,train
20310,train
20311,train
20312,train
20313,train
20314,train
20315,validation
20316,train
20317,validation
20318,train
20319,validation
20320,validation
20321,validation
20322,train
20323,train
20324,train
20325,validation
20326,test
20327,test
20328,train
20329,test
20330,test
20331,train
20332,train
20333,train
20334,test
20335,validation
20336,test
20337,train
20338,train
20339,test
20340,test
20341,validation
20342,train
20343,train
20344,validation
20345,test
20346,train
20347,train
20348,train
20349,train
20350,train
20351,train
20352,test
20353,train
20354,train
20355,train
20356,train
20357,validation
20358,test
20359,train
20360,train
20361,train
20362,train
20363,train
20364,train
20365,train
20366,test
20367,train
20368,train
20369,train
20370,train
20371,train
20372,validation
20373,train
20374,train
20375,train
20376,train
20377,test
20378,validation
20379,train
20380,validation
20381,test
20382,validation
20383,test
20384,train
20385,validation
20386,test
20387,validation
20388,train
20389,train
20390,test
20391,test
20392,train
20393,train
20394,test
20395,train
20396,train
20397,validation
20398,train
20399,validation
20400,train
20401,validation
20402,train
20403,validation
20404,train
20405,test
20406,train
20407,train
20408,validation
20409,train
20410,train
20411,train
20412,train
20413,test
20414,train
20415,test
20416,train
20417,train
20418,train
20419,train
20420,test
20421,train
20422,validation
20423,validation
20424,train
20425,validation
20426,train
20427,test
20428,train
20429,validation
20430,test
20431,validation
20432,train
20433,validation
20434,train
20435,train
20436,test
20437,train
20438,train
20439,train
20440,test
20441,train
20442,train
20443,validation
20444,validation
20445,train
20446,train
20447,train
20448,test
20449,test
20450,validation
20451,train
20452,train
20453,test
20454,validation
20455,train
20456,train
20457,train
20458,validation
20459,train
20460,train
20461,train
20462,train
20463,train
20464,validation
20465,test
20466,test
20467,train
20468,test
20469,train
20470,validation
20471,train
20472,train
20473,test
20474,train
20475,train
20476,train
20477,validation
20478,validation
20479,train
20480,train
20481,train
20482,test
20483,train
20484,validation
20485,train
20486,train
20487,test
20488,validation
20489,train
20490,train
20491,test
20492,train
20493,train
20494,train
20495,train
20496,train
20497,validation
20498,train
20499,train
20500,train
20501,train
20502,test
20503,validation
20504,train
20505,train
20506,train
20507,validation
20508,validation
20509,train
20510,train
20511,train
20512,train
20513,train
20514,test
20515,validation
20516,train
20517,test
20518,train
20519,validation
20520,test
20521,train
20522,train
20523,train
20524,train
20525,train
20526,train
20527,train
20528,train
20529,validation
20530,train
20531,train
20532,validation
20533,train
20534,validation
20535,validation
20536,train
20537,train
20538,validation
20539,validation
20540,train
20541,train
20542,train
20543,train
20544,validation
20545,train
20546,train
20547,validation
20548,train
20549,train
20550,validation
20551,train
20552,test
20553,train
20554,train
20555,validation
20556,train
20557,train
20558,train
20559,test
20560,train
20561,train
20562,validation
20563,train
20564,test
20565,train
20566,train
20567,train
20568,validation
20569,train
20570,train
20571,test
20572,train
20573,test
20574,train
20575,train
20576,test
20577,train
20578,train
20579,test
20580,train
20581,test
20582,validation
20583,train
20584,validation
20585,train
20586,test
20587,train
20588,train
20589,train
20590,train
20591,validation
20592,train
20593,test
20594,train
20595,validation
20596,train
20597,train
20598,test
20599,test
20600,train
20601,train
20602,validation
20603,train
20604,validation
20605,test
20606,train
20607,test
20608,train
20609,validation
20610,test
20611,train
20612,test
20613,train
20614,test
20615,validation
20616,train
20617,train
20618,validation
20619,train
20620,validation
20621,train
20622,train
20623,validation
20624,test
20625,test
20626,train
20627,train
20628,validation
20629,train
20630,train
20631,validation
20632,test
20633,validation
20634,train
20635,validation
20636,test
20637,train
20638,train
20639,train
20640,test
20641,train
20642,test
20643,train
20644,train
20645,test
20646,train
20647,train
20648,test
20649,train
20650,train
20651,train
20652,train
20653,validation
20654,train
20655,train
20656,train
20657,test
20658,train
20659,train
20660,train
20661,test
20662,train
20663,train
20664,train
20665,test
20666,train
20667,validation
20668,train
20669,train
20670,train
20671,train
20672,validation
20673,train
20674,test
20675,train
20676,train
20677,train
20678,train
20679,validation
20680,validation
20681,train
20682,train
20683,train
20684,train
20685,train
20686,train
20687,validation
20688,train
20689,train
20690,train
20691,validation
20692,train
20693,test
20694,train
20695,train
20696,train
20697,validation
20698,train
20699,test
20700,validation
20701,train
20702,train
20703,train
20704,validation
20705,train
20706,test
20707,train
20708,train
20709,test
20710,train
20711,train
20712,train
20713,train
20714,train
20715,validation
20716,test
20717,test
20718,test
20719,train
20720,validation
20721,test
20722,test
20723,test
20724,validation
20725,test
20726,validation
20727,validation
20728,train
20729,train
20730,validation
20731,validation
20732,test
20733,train
20734,validation
20735,train
20736,train
20737,test
20738,test
20739,train
20740,train
20741,train
20742,train
20743,train
20744,train
20745,train
20746,test
20747,test
20748,validation
20749,test
20750,train
20751,test
20752,validation
20753,validation
20754,train
20755,validation
20756,validation
20757,test
20758,validation
20759,train
20760,train
20761,test
20762,validation
20763,test
20764,train
20765,train
20766,train
20767,test
20768,test
20769,train
20770,test
20771,train
20772,test
20773,train
20774,train
20775,train
20776,validation
20777,train
20778,validation
20779,train
20780,train
20781,train
20782,train
20783,validation
20784,test
20785,train
20786,train
20787,train
20788,test
20789,train
20790,train
20791,train
20792,train
20793,test
20794,train
20795,train
20796,validation
20797,train
20798,test
20799,train
20800,train
20801,validation
20802,validation
20803,train
20804,train
20805,train
20806,test
20807,train
20808,train
20809,train
20810,validation
20811,validation
20812,test
20813,train
20814,train
20815,test
20816,train
20817,train
20818,train
20819,train
20820,train
20821,train
20822,train
20823,train
20824,test
20825,train
20826,train
20827,train
20828,train
20829,validation
20830,validation
20831,train
20832,test
20833,train
20834,test
20835,validation
20836,train
20837,validation
20838,test
20839,validation
20840,validation
20841,train
20842,train
20843,test
20844,train
20845,test
20846,test
20847,train
20848,train
20849,train
20850,validation
20851,train
20852,validation
20853,validation
20854,test
20855,test
20856,train
20857,train
20858,validation
20859,train
20860,train
20861,train
20862,validation
20863,train
20864,test
20865,train
20866,train
20867,test
20868,train
20869,train
20870,test
20871,train
20872,train
20873,train
20874,train
20875,train
20876,train
20877,train
20878,train
20879,validation
20880,train
20881,train
20882,validation
20883,train
20884,train
20885,validation
20886,train
20887,train
20888,train
20889,train
20890,train
20891,train
20892,train
20893,train
20894,train
20895,train
20896,test
20897,train
20898,train
20899,train
20900,train
20901,train
20902,test
20903,train
20904,train
20905,train
20906,train
20907,train
20908,validation
20909,train
20910,train
20911,train
20912,train
20913,test
20914,train
20915,train
20916,train
20917,train
20918,test
20919,train
20920,test
20921,validation
20922,validation
20923,test
20924,train
20925,train
20926,train
20927,train
20928,train
20929,train
20930,validation
20931,train
20932,test
20933,train
20934,train
20935,test
20936,train
20937,validation
20938,train
20939,test
20940,train
20941,validation
20942,train
20943,train
20944,test
20945,train
20946,test
20947,train
20948,test
20949,train
20950,train
20951,train
20952,train
20953,train
20954,test
20955,train
20956,validation
20957,train
20958,test
20959,validation
20960,train
20961,train
20962,train
20963,test
20964,validation
20965,train
20966,validation
20967,train
20968,test
20969,validation
20970,validation
20971,test
20972,train
20973,validation
20974,train
20975,train
20976,validation
20977,train
20978,test
20979,train
20980,train
20981,train
20982,train
20983,train
20984,train
20985,test
20986,test
20987,validation
20988,train
20989,validation
20990,train
20991,test
20992,validation
20993,test
20994,train
20995,test
20996,train
20997,train
20998,train
20999,train
21000,train
21001,train
21002,test
21003,train
21004,train
21005,train
21006,validation
21007,train
21008,train
21009,train
21010,test
21011,train
21012,test
21013,train
21014,train
21015,train
21016,train
21017,train
21018,validation
21019,test
21020,train
21021,train
21022,train
21023,test
21024,test
21025,train
21026,train
21027,train
21028,train
21029,test
21030,train
21031,train
21032,train
21033,train
21034,train
21035,validation
21036,train
21037,train
21038,train
21039,train
21040,train
21041,train
21042,test
21043,validation
21044,test
21045,train
21046,train
21047,test
21048,train
21049,train
21050,train
21051,train
21052,test
21053,test
21054,validation
21055,validation
21056,train
21057,validation
21058,test
21059,test
21060,train
21061,train
21062,train
21063,test
21064,validation
21065,train
21066,train
21067,train
21068,train
21069,train
21070,validation
21071,train
21072,train
21073,train
21074,train
21075,train
21076,train
21077,train
21078,train
21079,validation
21080,train
21081,train
21082,validation
21083,train
21084,train
21085,train
21086,train
21087,train
21088,validation
21089,validation
21090,validation
21091,train
21092,train
21093,validation
21094,train
21095,train
21096,train
21097,train
21098,validation
21099,train
21100,train
21101,train
21102,test
21103,train
21104,test
21105,test
21106,validation
21107,test
21108,validation
21109,test
21110,validation
21111,train
21112,train
21113,train
21114,test
21115,validation
21116,train
21117,test
21118,train
21119,train
21120,train
21121,train
21122,validation
21123,train
21124,validation
21125,test
21126,validation
21127,train
21128,validation
21129,validation
21130,test
21131,validation
21132,train
21133,test
21134,train
21135,validation
21136,train
21137,train
21138,train
21139,train
21140,train
21141,train
21142,train
21143,train
21144,test
21145,train
21146,test
21147,train
21148,test
21149,validation
21150,test
21151,test
21152,train
21153,test
21154,train
21155,train
21156,train
21157,train
21158,train
21159,train
21160,validation
21161,test
21162,train
21163,validation
21164,train
21165,train
21166,test
21167,test
21168,train
21169,validation
21170,train
21171,validation
21172,train
21173,validation
21174,train
21175,train
21176,validation
21177,test
21178,test
21179,train
21180,train
21181,train
21182,train
21183,train
21184,validation
21185,train
21186,validation
21187,train
21188,validation
21189,test
21190,train
21191,test
21192,test
21193,train
21194,train
21195,train
21196,validation
21197,test
21198,train
21199,train
21200,test
21201,train
21202,train
21203,train
21204,test
21205,train
21206,train
21207,train
21208,train
21209,validation
21210,train
21211,train
21212,test
21213,test
21214,train
21215,train
21216,train
21217,validation
21218,train
21219,train
21220,test
21221,test
21222,train
21223,test
21224,train
21225,train
21226,train
21227,validation
21228,test
21229,test
21230,test
21231,train
21232,test
21233,train
21234,train
21235,train
21236,train
21237,train
21238,train
21239,test
21240,validation
21241,test
21242,train
21243,validation
21244,test
21245,test
21246,test
21247,validation
21248,test
21249,train
21250,test
21251,train
21252,train
21253,train
21254,train
21255,train
21256,train
21257,train
21258,train
21259,test
21260,train
21261,validation
21262,test
21263,train
21264,test
21265,train
21266,train
21267,validation
21268,train
21269,validation
21270,train
21271,train
21272,validation
21273,validation
21274,test
21275,train
21276,validation
21277,validation
21278,train
21279,train
21280,train
21281,validation
21282,train
21283,train
21284,train
21285,train
21286,train
21287,test
21288,train
21289,validation
21290,validation
21291,train
21292,train
21293,train
21294,train
21295,validation
21296,train
21297,train
21298,train
21299,train
21300,train
21301,validation
21302,train
21303,test
21304,train
21305,validation
21306,train
21307,test
21308,validation
21309,train
21310,train
21311,test
21312,test
21313,validation
21314,test
21315,test
21316,train
21317,validation
21318,train
21319,train
21320,train
21321,train
21322,train
21323,validation
21324,train
21325,test
21326,train
21327,test
21328,validation
21329,test
21330,train
21331,train
21332,train
21333,train
21334,train
21335,train
21336,train
21337,train
21338,test
21339,train
21340,train
21341,test
21342,train
21343,train
21344,train
21345,train
21346,test
21347,train
21348,train
21349,train
21350,train
21351,train
21352,train
21353,validation
21354,train
21355,validation
21356,train
21357,train
21358,train
21359,train
21360,train
21361,train
21362,validation
21363,test
21364,train
21365,train
21366,train
21367,test
21368,train
21369,train
21370,validation
21371,train
21372,train
21373,validation
21374,train
21375,test
21376,train
21377,train
21378,train
21379,train
21380,train
21381,test
21382,train
21383,validation
21384,train
21385,train
21386,train
21387,test
21388,test
21389,train
21390,train
21391,train
21392,train
21393,test
21394,test
21395,train
21396,train
21397,train
21398,train
21399,test
21400,test
21401,train
21402,train
21403,validation
21404,train
21405,validation
21406,validation
21407,train
21408,test
21409,train
21410,train
21411,test
21412,validation
21413,train
21414,train
21415,test
21416,train
21417,test
21418,test
21419,train
21420,train
21421,train
21422,test
21423,train
21424,validation
21425,train
21426,train
21427,test
21428,validation
21429,test
21430,train
21431,validation
21432,validation
21433,train
21434,validation
21435,train
21436,validation
21437,test
21438,validation
21439,train
21440,test
21441,train
21442,train
21443,test
21444,train
21445,test
21446,train
21447,train
21448,train
21449,train
21450,train
21451,train
21452,validation
21453,train
21454,train
21455,train
21456,train
21457,train
21458,validation
21459,train
21460,train
21461,train
21462,train
21463,train
21464,train
21465,train
21466,train
21467,validation
21468,train
21469,train
21470,train
21471,train
21472,train
21473,train
21474,train
21475,train
21476,test
21477,train
21478,train
21479,train
21480,train
21481,test
21482,train
21483,train
21484,validation
21485,validation
21486,validation
21487,test
21488,train
21489,train
21490,train
21491,train
21492,train
21493,train
21494,test
21495,train
21496,train
21497,validation
21498,train
21499,test
21500,train
21501,train
21502,train
21503,train
21504,test
21505,test
21506,validation
21507,train
21508,train
21509,train
21510,train
21511,train
21512,test
21513,train
21514,train
21515,train
21516,train
21517,train
21518,train
21519,train
21520,train
21521,train
21522,validation
21523,validation
21524,train
21525,train
21526,validation
21527,train
21528,train
21529,test
21530,test
21531,train
21532,test
21533,train
21534,train
21535,train
21536,train
21537,train
21538,validation
21539,train
21540,validation
21541,validation
21542,train
21543,test
21544,validation
21545,train
21546,train
21547,train
21548,train
21549,train
21550,validation
21551,train
21552,train
21553,test
21554,train
21555,train
21556,train
21557,train
21558,train
21559,train
21560,train
21561,train
21562,test
21563,train
21564,train
21565,train
21566,train
21567,train
21568,test
21569,train
21570,train
21571,validation
21572,train
21573,train
21574,train
21575,test
21576,train
21577,test
21578,validation
21579,test
21580,train
21581,train
21582,train
21583,train
21584,train
21585,train
21586,validation
21587,train
21588,test
21589,test
21590,validation
21591,validation
21592,train
21593,train
21594,train
21595,validation
21596,test
21597,test
21598,train
21599,train
21600,train
21601,test
21602,train
21603,train
21604,train
21605,train
21606,train
21607,test
21608,train
21609,train
21610,train
21611,train
21612,test
21613,train
21614,train
21615,train
21616,train
21617,train
21618,train
21619,test
21620,validation
21621,train
21622,train
21623,train
21624,train
21625,train
21626,train
21627,validation
21628,train
21629,train
21630,train
21631,test
21632,test
21633,train
21634,train
21635,test
21636,train
21637,validation
21638,validation
21639,train
21640,train
21641,train
21642,train
21643,train
21644,validation
21645,validation
21646,train
21647,train
21648,train
21649,test
21650,train
21651,validation
21652,validation
21653,validation
21654,train
21655,train
21656,train
21657,train
21658,validation
21659,train
21660,train
21661,train
21662,test
21663,validation
21664,test
21665,validation
21666,train
21667,validation
21668,validation
21669,train
21670,validation
21671,validation
21672,train
21673,test
21674,train
21675,train
21676,test
21677,test
21678,train
21679,validation
21680,train
21681,test
21682,train
21683,train
21684,test
21685,train
21686,validation
21687,train
21688,train
21689,train
21690,train
21691,train
21692,validation
21693,validation
21694,train
21695,train
21696,test
21697,train
21698,train
21699,validation
21700,train
21701,test
21702,test
21703,test
21704,validation
21705,train
21706,validation
21707,test
21708,train
21709,test
21710,train
21711,train
21712,validation
21713,validation
21714,train
21715,train
21716,test
21717,train
21718,train
21719,train
21720,train
21721,train
21722,test
21723,test
21724,validation
21725,train
21726,train
21727,train
21728,train
21729,validation
21730,train
21731,train
21732,test
21733,train
21734,train
21735,train
21736,train
21737,train
21738,test
21739,validation
21740,train
21741,train
21742,train
21743,train
21744,train
21745,train
21746,train
21747,train
21748,validation
21749,train
21750,train
21751,test
21752,train
21753,train
21754,train
21755,train
21756,train
21757,train
21758,train
21759,train
21760,validation
21761,train
21762,train
21763,train
21764,validation
21765,train
21766,validation
21767,train
21768,train
21769,train
21770,train
21771,validation
21772,test
21773,train
21774,train
21775,train
21776,validation
21777,train
21778,train
21779,validation
21780,validation
21781,train
21782,validation
21783,train
21784,train
21785,validation
21786,validation
21787,train
21788,validation
21789,validation
21790,train
21791,train
21792,train
21793,validation
21794,train
21795,train
21796,train
21797,train
21798,train
21799,train
21800,train
21801,train
21802,train
21803,test
21804,validation
21805,train
21806,train
21807,test
21808,train
21809,train
21810,test
21811,train
21812,test
21813,test
21814,validation
21815,train
21816,validation
21817,train
21818,train
21819,train
21820,test
21821,train
21822,train
21823,validation
21824,train
21825,test
21826,train
21827,test
21828,train
21829,validation
21830,train
21831,validation
21832,validation
21833,validation
21834,validation
21835,train
21836,train
21837,train
21838,train
21839,train
21840,test
21841,validation
21842,train
21843,train
21844,train
21845,train
21846,train
21847,validation
21848,train
21849,train
21850,test
21851,train
21852,train
21853,validation
21854,train
21855,train
21856,train
21857,validation
21858,test
21859,train
21860,train
21861,train
21862,validation
21863,train
21864,train
21865,train
21866,train
21867,test
21868,validation
21869,train
21870,validation
21871,validation
21872,validation
21873,train
21874,train
21875,validation
21876,train
21877,train
21878,train
21879,train
21880,train
21881,validation
21882,test
21883,train
21884,test
21885,train
21886,validation
21887,train
21888,test
21889,train
21890,validation
21891,train
21892,train
21893,train
21894,validation
21895,test
21896,train
21897,test
21898,validation
21899,train
21900,train
21901,test
21902,test
21903,train
21904,train
21905,test
21906,train
21907,test
21908,train
21909,train
21910,train
21911,train
21912,test
21913,test
21914,train
21915,validation
21916,test
21917,train
21918,train
21919,train
21920,train
21921,test
21922,validation
21923,train
21924,train
21925,validation
21926,train
21927,train
21928,train
21929,train
21930,train
21931,train
21932,validation
21933,train
21934,train
21935,train
21936,test
21937,validation
21938,train
21939,train
21940,validation
21941,test
21942,train
21943,train
21944,train
21945,train
21946,validation
21947,train
21948,train
21949,validation
21950,train
21951,train
21952,train
21953,train
21954,train
21955,train
21956,train
21957,validation
21958,test
21959,train
21960,train
21961,train
21962,train
21963,test
21964,test
21965,train
21966,validation
21967,train
21968,train
21969,test
21970,test
21971,validation
21972,test
21973,train
21974,train
21975,train
21976,train
21977,train
21978,train
21979,validation
21980,validation
21981,train
21982,validation
21983,train
21984,train
21985,test
21986,train
21987,train
21988,validation
21989,test
21990,train
21991,train
21992,train
21993,test
21994,train
21995,test
21996,train
21997,train
21998,train
21999,test
22000,train
22001,train
22002,train
22003,test
22004,validation
22005,train
22006,validation
22007,train
22008,test
22009,test
22010,train
22011,train
22012,train
22013,train
22014,train
22015,validation
22016,validation
22017,validation
22018,train
22019,train
22020,train
22021,train
22022,validation
22023,train
22024,validation
22025,train
22026,train
22027,train
22028,test
22029,test
22030,train
22031,train
22032,test
22033,test
22034,train
22035,train
22036,test
22037,validation
22038,train
22039,train
22040,train
22041,validation
22042,test
22043,test
22044,test
22045,train
22046,train
22047,test
22048,validation
22049,train
22050,validation
22051,train
22052,train
22053,train
22054,train
22055,train
22056,validation
22057,test
22058,test
22059,test
22060,validation
22061,validation
22062,test
22063,train
22064,train
22065,train
22066,train
22067,validation
22068,train
22069,validation
22070,train
22071,test
22072,train
22073,test
22074,train
22075,train
22076,test
22077,train
22078,train
22079,validation
22080,train
22081,test
22082,test
22083,validation
22084,train
22085,validation
22086,train
22087,train
22088,train
22089,test
22090,test
22091,test
22092,test
22093,test
22094,train
22095,train
22096,test
22097,train
22098,train
22099,test
22100,train
22101,validation
22102,test
22103,test
22104,train
22105,test
22106,test
22107,train
22108,train
22109,train
22110,train
22111,train
22112,test
22113,test
22114,train
22115,train
22116,train
22117,test
22118,train
22119,train
22120,train
22121,validation
22122,validation
22123,train
22124,train
22125,validation
22126,train
22127,validation
22128,train
22129,test
22130,test
22131,validation
22132,validation
22133,validation
22134,train
22135,validation
22136,train
22137,train
22138,train
22139,train
22140,test
22141,validation
22142,train
22143,train
22144,train
22145,train
22146,train
22147,train
22148,train
22149,train
22150,train
22151,train
22152,train
22153,train
22154,train
22155,validation
22156,train
22157,train
22158,validation
22159,train
22160,train
22161,train
22162,train
22163,train
22164,train
22165,validation
22166,validation
22167,train
22168,validation
22169,test
22170,validation
22171,validation
22172,train
22173,validation
22174,train
22175,train
22176,train
22177,test
22178,train
22179,train
22180,test
22181,train
22182,train
22183,validation
22184,train
22185,train
22186,train
22187,train
22188,train
22189,test
22190,test
22191,train
22192,train
22193,validation
22194,train
22195,train
22196,test
22197,test
22198,validation
22199,test
22200,validation
22201,validation
22202,train
22203,train
22204,validation
22205,train
22206,train
22207,train
22208,train
22209,train
22210,validation
22211,validation
22212,train
22213,train
22214,validation
22215,test
22216,train
22217,validation
22218,validation
22219,validation
22220,validation
22221,train
22222,train
22223,train
22224,validation
22225,validation
22226,train
22227,test
22228,validation
22229,train
22230,validation
22231,validation
22232,train
22233,train
22234,train
22235,train
22236,train
22237,train
22238,train
22239,validation
22240,train
22241,validation
22242,test
22243,validation
22244,validation
22245,train
22246,train
22247,train
22248,train
22249,validation
22250,train
22251,test
22252,validation
22253,test
22254,train
22255,test
22256,train
22257,test
22258,train
22259,validation
22260,train
22261,train
22262,test
22263,test
22264,validation
22265,test
22266,validation
22267,test
22268,train
22269,validation
22270,validation
22271,validation
22272,train
22273,train
22274,train
22275,train
22276,validation
22277,train
22278,validation
22279,train
22280,train
22281,train
22282,test
22283,train
22284,train
22285,validation
22286,test
22287,test
22288,train
22289,train
22290,train
22291,test
22292,train
22293,train
22294,validation
22295,validation
22296,train
22297,train
22298,validation
22299,train
22300,train
22301,validation
22302,train
22303,train
22304,train
22305,validation
22306,train
22307,test
22308,test
22309,validation
22310,train
22311,validation
22312,test
22313,train
22314,validation
22315,train
22316,train
22317,train
22318,train
22319,validation
22320,test
22321,train
22322,test
22323,train
22324,test
22325,train
22326,train
22327,train
22328,train
22329,test
22330,validation
22331,train
22332,train
22333,train
22334,test
22335,train
22336,train
22337,train
22338,train
22339,test
22340,train
22341,validation
22342,train
22343,validation
22344,train
22345,train
22346,train
22347,train
22348,train
22349,train
22350,train
22351,train
22352,train
22353,test
22354,validation
22355,train
22356,train
22357,train
22358,test
22359,train
22360,train
22361,test
22362,train
22363,validation
22364,train
22365,test
22366,train
22367,test
22368,train
22369,test
22370,train
22371,validation
22372,train
22373,test
22374,validation
22375,train
22376,train
22377,train
22378,test
22379,test
22380,train
22381,train
22382,train
22383,test
22384,train
22385,train
22386,test
22387,train
22388,test
22389,train
22390,train
22391,train
22392,train
22393,train
22394,train
22395,train
22396,train
22397,test
22398,train
22399,train
22400,test
22401,train
22402,validation
22403,test
22404,train
22405,test
22406,validation
22407,train
22408,test
22409,test
22410,train
22411,train
22412,train
22413,test
22414,validation
22415,validation
22416,train
22417,test
22418,train
22419,train
22420,train
22421,test
22422,train
22423,train
22424,validation
22425,test
22426,train
22427,train
22428,train
22429,train
22430,train
22431,test
22432,train
22433,validation
22434,train
22435,test
22436,train
22437,validation
22438,train
22439,train
22440,test
22441,train
22442,train
22443,test
22444,train
22445,train
22446,test
22447,train
22448,test
22449,test
22450,train
22451,test
22452,test
22453,test
22454,test
22455,train
22456,train
22457,train
22458,validation
22459,validation
22460,train
22461,train
22462,train
22463,train
22464,train
22465,train
22466,train
22467,train
22468,validation
22469,test
22470,train
22471,train
22472,train
22473,test
22474,train
22475,validation
22476,train
22477,train
22478,train
22479,train
22480,train
22481,train
22482,test
22483,train
22484,train
22485,train
22486,train
22487,train
22488,train
22489,train
22490,train
22491,train
22492,train
22493,train
22494,train
22495,train
22496,train
22497,test
22498,train
22499,train
22500,train
22501,test
22502,test
22503,test
22504,train
22505,train
22506,test
22507,train
22508,train
22509,validation
22510,train
22511,validation
22512,train
22513,validation
22514,test
22515,test
22516,validation
22517,validation
22518,test
22519,validation
22520,train
22521,train
22522,validation
22523,train
22524,train
22525,test
22526,train
22527,train
22528,test
22529,train
22530,test
22531,train
22532,train
22533,validation
22534,test
22535,train
22536,train
22537,train
22538,validation
22539,train
22540,validation
22541,train
22542,train
22543,validation
22544,test
22545,validation
22546,train
22547,train
22548,test
22549,train
22550,test
22551,train
22552,validation
22553,test
22554,test
22555,train
22556,train
22557,train
22558,test
22559,train
22560,validation
22561,train
22562,test
22563,validation
22564,train
22565,train
22566,train
22567,test
22568,train
22569,validation
22570,train
22571,train
22572,train
22573,validation
22574,train
22575,train
22576,train
22577,train
22578,train
22579,train
22580,train
22581,train
22582,train
22583,train
22584,train
22585,train
22586,test
22587,validation
22588,train
22589,train
22590,test
22591,train
22592,train
22593,test
22594,train
22595,train
22596,train
22597,train
22598,train
22599,train
22600,validation
22601,train
22602,train
22603,train
22604,validation
22605,train
22606,train
22607,train
22608,train
22609,train
22610,validation
22611,train
22612,train
22613,train
22614,train
22615,train
22616,validation
22617,test
22618,train
22619,train
22620,test
22621,train
22622,validation
22623,train
22624,validation
22625,train
22626,validation
22627,test
22628,test
22629,train
22630,train
22631,validation
22632,train
22633,test
22634,train
22635,test
22636,train
22637,test
22638,train
22639,train
22640,validation
22641,train
22642,validation
22643,train
22644,train
22645,train
22646,train
22647,train
22648,train
22649,train
22650,test
22651,train
22652,train
22653,train
22654,validation
22655,train
22656,validation
22657,test
22658,train
22659,train
22660,train
22661,train
22662,test
22663,validation
22664,train
22665,train
22666,train
22667,train
22668,train
22669,train
22670,train
22671,validation
22672,validation
22673,train
22674,train
22675,train
22676,train
22677,train
22678,train
22679,train
22680,validation
22681,validation
22682,validation
22683,test
22684,train
22685,validation
22686,train
22687,train
22688,validation
22689,test
22690,test
22691,test
22692,train
22693,train
22694,train
22695,validation
22696,train
22697,train
22698,test
22699,validation
22700,validation
22701,train
22702,train
22703,train
22704,validation
22705,train
22706,test
22707,validation
22708,train
22709,train
22710,train
22711,test
22712,test
22713,test
22714,train
22715,train
22716,test
22717,train
22718,train
22719,train
22720,train
22721,train
22722,validation
22723,train
22724,train
22725,train
22726,train
22727,train
22728,train
22729,train
22730,test
22731,train
22732,train
22733,train
22734,train
22735,train
22736,train
22737,train
22738,train
22739,test
22740,train
22741,train
22742,train
22743,train
22744,train
22745,train
22746,validation
22747,train
22748,test
22749,train
22750,train
22751,validation
22752,train
22753,test
22754,test
22755,train
22756,test
22757,train
22758,test
22759,validation
22760,test
22761,validation
22762,validation
22763,train
22764,test
22765,train
22766,train
22767,train
22768,test
22769,test
22770,train
22771,train
22772,train
22773,validation
22774,train
22775,train
22776,train
22777,test
22778,validation
22779,test
22780,test
22781,test
22782,train
22783,train
22784,train
22785,validation
22786,train
22787,train
22788,train
22789,train
22790,test
22791,test
22792,train
22793,test
22794,validation
22795,train
22796,train
22797,train
22798,validation
22799,train
22800,train
22801,train
22802,test
22803,train
22804,test
22805,train
22806,train
22807,train
22808,validation
22809,train
22810,train
22811,validation
22812,train
22813,train
22814,train
22815,train
22816,validation
22817,train
22818,validation
22819,validation
22820,test
22821,test
22822,train
22823,test
22824,train
22825,train
22826,train
22827,test
22828,train
22829,validation
22830,train
22831,train
22832,validation
22833,train
22834,test
22835,validation
22836,train
22837,train
22838,train
22839,train
22840,train
22841,validation
22842,test
22843,train
22844,train
22845,validation
22846,validation
22847,validation
22848,train
22849,validation
22850,validation
22851,train
22852,test
22853,train
22854,validation
22855,train
22856,train
22857,train
22858,train
22859,validation
22860,validation
22861,train
22862,train
22863,test
22864,train
22865,train
22866,train
22867,test
22868,train
22869,train
22870,train
22871,train
22872,validation
22873,train
22874,test
22875,train
22876,test
22877,train
22878,validation
22879,validation
22880,validation
22881,test
22882,test
22883,test
22884,train
22885,train
22886,validation
22887,train
22888,train
22889,test
22890,validation
22891,train
22892,train
22893,train
22894,test
22895,test
22896,validation
22897,train
22898,test
22899,train
22900,validation
22901,test
22902,train
22903,train
22904,train
22905,test
22906,train
22907,train
22908,train
22909,train
22910,train
22911,train
22912,train
22913,validation
22914,test
22915,test
22916,train
22917,train
22918,train
22919,train
22920,train
22921,train
22922,train
22923,validation
22924,train
22925,train
22926,train
22927,validation
22928,test
22929,train
22930,validation
22931,test
22932,validation
22933,train
22934,train
22935,train
22936,train
22937,test
22938,test
22939,test
22940,test
22941,test
22942,validation
22943,train
22944,train
22945,test
22946,train
22947,train
22948,train
22949,validation
22950,validation
22951,train
22952,train
22953,train
22954,train
22955,train
22956,validation
22957,validation
22958,train
22959,train
22960,train
22961,train
22962,train
22963,train
22964,train
22965,validation
22966,train
22967,train
22968,train
22969,train
22970,train
22971,train
22972,train
22973,train
22974,train
22975,train
22976,train
22977,validation
22978,train
22979,train
22980,test
22981,train
22982,validation
22983,train
22984,train
22985,train
22986,train
22987,train
22988,train
22989,test
22990,train
22991,train
22992,validation
22993,train
22994,validation
22995,train
22996,train
22997,test
22998,test
22999,validation
23000,test
23001,train
23002,train
23003,train
23004,train
23005,train
23006,test
23007,train
23008,test
23009,train
23010,test
23011,train
23012,train
23013,train
23014,validation
23015,train
23016,train
23017,test
23018,train
23019,train
23020,validation
23021,train
23022,train
23023,test
23024,train
23025,test
23026,train
23027,train
23028,validation
23029,train
23030,test
23031,train
23032,validation
23033,train
23034,train
23035,train
23036,validation
23037,train
23038,validation
23039,test
23040,test
23041,train
23042,test
23043,validation
23044,test
23045,test
23046,validation
23047,validation
23048,train
23049,train
23050,train
23051,train
23052,test
23053,train
23054,train
23055,train
23056,validation
23057,validation
23058,train
23059,train
23060,train
23061,validation
23062,train
23063,train
23064,train
23065,train
23066,train
23067,validation
23068,test
23069,train
23070,test
23071,test
23072,train
23073,train
23074,train
23075,train
23076,validation
23077,train
23078,train
23079,test
23080,test
23081,train
23082,train
23083,validation
23084,train
23085,train
23086,train
23087,train
23088,train
23089,train
23090,validation
23091,train
23092,train
23093,test
23094,validation
23095,train
23096,train
23097,train
23098,train
23099,test
23100,train
23101,train
23102,train
23103,train
23104,validation
23105,test
23106,train
23107,validation
23108,test
23109,test
23110,test
23111,validation
23112,validation
23113,test
23114,train
23115,train
23116,test
23117,train
23118,train
23119,train
23120,train
23121,train
23122,validation
23123,test
23124,train
23125,train
23126,test
23127,train
23128,test
23129,train
23130,train
23131,train
23132,train
23133,train
23134,test
23135,train
23136,validation
23137,test
23138,validation
23139,validation
23140,train
23141,validation
23142,train
23143,train
23144,train
23145,validation
23146,test
23147,train
23148,validation
23149,train
23150,validation
23151,train
23152,validation
23153,train
23154,train
23155,train
23156,train
23157,validation
23158,validation
23159,train
23160,test
23161,train
23162,train
23163,validation
23164,test
23165,test
23166,validation
23167,validation
23168,train
23169,train
23170,test
23171,train
23172,validation
23173,test
23174,train
23175,validation
23176,train
23177,train
23178,train
23179,train
23180,train
23181,train
23182,train
23183,train
23184,test
23185,train
23186,train
23187,test
23188,train
23189,validation
23190,train
23191,validation
23192,train
23193,validation
23194,train
23195,train
23196,validation
23197,train
23198,validation
23199,train
23200,train
23201,train
23202,test
23203,train
23204,train
23205,train
23206,test
23207,train
23208,train
23209,train
23210,validation
23211,validation
23212,train
23213,train
23214,test
23215,validation
23216,train
23217,train
23218,train
23219,train
23220,train
23221,validation
23222,train
23223,train
23224,validation
23225,train
23226,validation
23227,train
23228,validation
23229,train
23230,train
23231,train
23232,train
23233,test
23234,train
23235,train
23236,train
23237,test
23238,train
23239,test
23240,train
23241,test
23242,train
23243,train
23244,test
23245,test
23246,train
23247,train
23248,train
23249,validation
23250,train
23251,test
23252,test
23253,train
23254,train
23255,test
23256,validation
23257,train
23258,train
23259,train
23260,test
23261,validation
23262,validation
23263,validation
23264,train
23265,train
23266,train
23267,validation
23268,train
23269,validation
23270,train
23271,test
23272,train
23273,test
23274,test
23275,validation
23276,train
23277,test
23278,train
23279,test
23280,validation
23281,train
23282,validation
23283,validation
23284,train
23285,test
23286,validation
23287,test
23288,train
23289,validation
23290,test
23291,train
23292,train
23293,train
23294,train
23295,train
23296,validation
23297,train
23298,train
23299,validation
23300,train
23301,test
23302,test
23303,train
23304,test
23305,test
23306,validation
23307,train
23308,test
23309,test
23310,train
23311,validation
23312,train
23313,train
23314,train
23315,train
23316,train
23317,validation
23318,train
23319,test
23320,train
23321,validation
23322,train
23323,test
23324,train
23325,test
23326,train
23327,train
23328,test
23329,validation
23330,test
23331,train
23332,train
23333,train
23334,test
23335,train
23336,validation
23337,train
23338,test
23339,train
23340,test
23341,train
23342,test
23343,train
23344,train
23345,train
23346,validation
23347,train
23348,validation
23349,train
23350,train
23351,test
23352,test
23353,test
23354,train
23355,validation
23356,test
23357,train
23358,train
23359,validation
23360,train
23361,validation
23362,train
23363,train
23364,validation
23365,train
23366,test
23367,train
23368,train
23369,train
23370,train
23371,train
23372,train
23373,train
23374,train
23375,train
23376,train
23377,train
23378,train
23379,validation
23380,train
23381,train
23382,train
23383,validation
23384,test
23385,validation
23386,validation
23387,train
23388,test
23389,test
23390,train
23391,train
23392,train
23393,train
23394,validation
23395,train
23396,test
23397,train
23398,train
23399,train
23400,test
23401,train
23402,train
23403,test
23404,train
23405,train
23406,validation
23407,train
23408,train
23409,train
23410,train
23411,validation
23412,test
23413,test
23414,train
23415,train
23416,test
23417,validation
23418,train
23419,train
23420,train
23421,train
23422,test
23423,train
23424,validation
23425,test
23426,train
23427,validation
23428,train
23429,validation
23430,train
23431,train
23432,test
23433,validation
23434,test
23435,test
23436,train
23437,train
23438,train
23439,train
23440,train
23441,train
23442,train
23443,test
23444,train
23445,train
23446,train
23447,train
23448,test
23449,train
23450,train
23451,train
23452,test
23453,train
23454,validation
23455,validation
23456,train
23457,validation
23458,test
23459,train
23460,train
23461,train
23462,test
23463,validation
23464,test
23465,train
23466,test
23467,validation
23468,test
23469,test
23470,train
23471,validation
23472,test
23473,validation
23474,validation
23475,train
23476,train
23477,test
23478,train
23479,train
23480,train
23481,train
23482,train
23483,train
23484,test
23485,train
23486,test
23487,train
23488,train
23489,train
23490,train
23491,validation
23492,validation
23493,train
23494,train
23495,test
23496,test
23497,test
23498,validation
23499,train
23500,test
23501,train
23502,test
23503,validation
23504,train
23505,test
23506,test
23507,validation
23508,train
23509,train
23510,test
23511,train
23512,train
23513,validation
23514,test
23515,train
23516,train
23517,train
23518,validation
23519,test
23520,train
23521,train
23522,train
23523,train
23524,validation
23525,train
23526,train
23527,validation
23528,train
23529,test
23530,validation
23531,train
23532,validation
23533,test
23534,train
23535,validation
23536,train
23537,train
23538,train
23539,test
23540,train
23541,test
23542,train
23543,train
23544,validation
23545,test
23546,validation
23547,validation
23548,validation
23549,validation
23550,test
23551,train
23552,train
23553,validation
23554,test
23555,train
23556,train
23557,validation
23558,train
23559,validation
23560,validation
23561,train
23562,train
23563,test
23564,test
23565,train
23566,train
23567,validation
23568,validation
23569,validation
23570,test
23571,train
23572,train
23573,test
23574,train
23575,train
23576,test
23577,validation
23578,train
23579,train
23580,train
23581,train
23582,train
23583,train
23584,test
23585,train
23586,train
23587,train
23588,train
23589,train
23590,train
23591,train
23592,train
23593,validation
23594,train
23595,train
23596,train
23597,train
23598,test
23599,validation
23600,test
23601,train
23602,test
23603,test
23604,validation
23605,validation
23606,validation
23607,validation
23608,test
23609,train
23610,train
23611,train
23612,train
23613,test
23614,train
23615,validation
23616,train
23617,train
23618,validation
23619,train
23620,train
23621,train
23622,train
23623,train
23624,train
23625,train
23626,train
23627,test
23628,validation
23629,train
23630,test
23631,validation
23632,train
23633,validation
23634,train
23635,validation
23636,test
23637,train
23638,train
23639,train
23640,train
23641,train
23642,train
23643,test
23644,test
23645,train
23646,validation
23647,train
23648,train
23649,validation
23650,validation
23651,train
23652,train
23653,train
23654,test
23655,train
23656,train
23657,test
23658,train
23659,test
23660,train
23661,validation
23662,train
23663,train
23664,test
23665,validation
23666,validation
23667,train
23668,test
23669,validation
23670,train
23671,train
23672,train
23673,train
23674,train
23675,train
23676,train
23677,train
23678,train
23679,validation
23680,train
23681,train
23682,train
23683,train
23684,test
23685,train
23686,train
23687,test
23688,train
23689,validation
23690,train
23691,test
23692,train
23693,test
23694,validation
23695,test
23696,test
23697,train
23698,validation
23699,train
23700,validation
23701,validation
23702,train
23703,train
23704,train
23705,test
23706,train
23707,validation
23708,test
23709,validation
23710,train
23711,train
23712,train
23713,train
23714,validation
23715,test
23716,train
23717,train
23718,validation
23719,train
23720,validation
23721,train
23722,train
23723,train
23724,train
23725,validation
23726,validation
23727,train
23728,test
23729,train
23730,validation
23731,train
23732,train
23733,train
23734,train
23735,validation
23736,test
23737,test
23738,train
23739,validation
23740,train
23741,validation
23742,train
23743,train
23744,train
23745,validation
23746,train
23747,validation
23748,train
23749,test
23750,validation
23751,test
23752,train
23753,train
23754,test
23755,train
23756,train
23757,test
23758,validation
23759,validation
23760,test
23761,train
23762,train
23763,test
23764,train
23765,train
23766,validation
23767,train
23768,test
23769,validation
23770,validation
23771,train
23772,test
23773,validation
23774,test
23775,train
23776,train
23777,test
23778,train
23779,train
23780,test
23781,train
23782,train
23783,test
23784,train
23785,test
23786,train
23787,train
23788,train
23789,train
23790,test
23791,validation
23792,train
23793,train
23794,train
23795,train
23796,train
23797,train
23798,train
23799,train
23800,validation
23801,train
23802,validation
23803,validation
23804,train
23805,train
23806,train
23807,validation
23808,train
23809,test
23810,train
23811,train
23812,validation
23813,train
23814,train
23815,train
23816,train
23817,train
23818,test
23819,train
23820,train
23821,validation
23822,train
23823,test
23824,validation
23825,test
23826,train
23827,train
23828,test
23829,train
23830,test
23831,train
23832,train
23833,validation
23834,train
23835,train
23836,train
23837,train
23838,train
23839,train
23840,train
23841,train
23842,train
23843,train
23844,train
23845,validation
23846,validation
23847,test
23848,train
23849,validation
23850,train
23851,validation
23852,test
23853,train
23854,train
23855,train
23856,validation
23857,train
23858,train
23859,test
23860,train
23861,train
23862,train
23863,validation
23864,train
23865,validation
23866,train
23867,test
23868,train
23869,train
23870,train
23871,train
23872,test
23873,train
23874,train
23875,train
23876,train
23877,train
23878,train
23879,validation
23880,test
23881,train
23882,validation
23883,train
23884,train
23885,train
23886,validation
23887,test
23888,train
23889,train
23890,test
23891,train
23892,train
23893,train
23894,test
23895,test
23896,test
23897,test
23898,validation
23899,train
23900,train
23901,train
23902,train
23903,train
23904,validation
23905,train
23906,train
23907,train
23908,test
23909,train
23910,test
23911,train
23912,test
23913,train
23914,validation
23915,train
23916,train
23917,train
23918,train
23919,train
23920,validation
23921,validation
23922,test
23923,validation
23924,train
23925,train
23926,validation
23927,train
23928,train
23929,train
23930,train
23931,validation
23932,test
23933,validation
23934,train
23935,train
23936,train
23937,validation
23938,test
23939,validation
23940,test
23941,train
23942,train
23943,train
23944,validation
23945,train
23946,train
23947,train
23948,test
23949,test
23950,train
23951,test
23952,train
23953,validation
23954,train
23955,test
23956,train
23957,train
23958,train
23959,validation
23960,train
23961,train
23962,train
23963,train
23964,train
23965,train
23966,train
23967,train
23968,test
23969,train
23970,train
23971,train
23972,validation
23973,validation
23974,test
23975,validation
23976,train
23977,validation
23978,train
23979,validation
23980,train
23981,train
23982,train
23983,train
23984,train
23985,train
23986,test
23987,train
23988,train
23989,test
23990,train
23991,train
23992,train
23993,train
23994,test
23995,train
23996,test
23997,train
23998,train
23999,train
24000,validation
24001,validation
24002,train
24003,test
24004,train
24005,validation
24006,train
24007,train
24008,validation
24009,train
24010,train
24011,test
24012,train
24013,test
24014,train
24015,train
24016,train
24017,test
24018,test
24019,train
24020,validation
24021,validation
24022,train
24023,validation
24024,validation
24025,train
24026,validation
24027,test
24028,train
24029,validation
24030,train
24031,train
24032,train
24033,test
24034,validation
24035,train
24036,train
24037,train
24038,train
24039,train
24040,train
24041,test
24042,validation
24043,train
24044,train
24045,validation
24046,validation
24047,test
24048,train
24049,train
24050,train
24051,validation
24052,train
24053,train
24054,validation
24055,train
24056,validation
24057,train
24058,train
24059,train
24060,train
24061,train
24062,test
24063,test
24064,validation
24065,train
24066,test
24067,train
24068,train
24069,train
24070,train
24071,train
24072,train
24073,train
24074,test
24075,validation
24076,test
24077,train
24078,test
24079,validation
24080,validation
24081,validation
24082,validation
24083,train
24084,train
24085,train
24086,validation
24087,validation
24088,train
24089,train
24090,validation
24091,test
24092,validation
24093,test
24094,train
24095,train
24096,test
24097,test
24098,train
24099,test
24100,validation
24101,train
24102,train
24103,train
24104,train
24105,train
24106,train
24107,validation
24108,train
24109,train
24110,train
24111,validation
24112,train
24113,train
24114,train
24115,train
24116,train
24117,train
24118,train
24119,test
24120,train
24121,train
24122,test
24123,train
24124,validation
24125,train
24126,train
24127,test
24128,train
24129,test
24130,train
24131,train
24132,train
24133,train
24134,test
24135,train
24136,train
24137,test
24138,train
24139,train
24140,test
24141,train
24142,train
24143,validation
24144,train
24145,test
24146,test
24147,train
24148,test
24149,test
24150,train
24151,validation
24152,train
24153,train
24154,train
24155,test
24156,train
24157,train
24158,train
24159,validation
24160,validation
24161,train
24162,train
24163,test
24164,train
24165,train
24166,train
24167,train
24168,train
24169,validation
24170,test
24171,train
24172,validation
24173,train
24174,validation
24175,train
24176,validation
24177,test
24178,test
24179,train
24180,train
24181,train
24182,train
24183,train
24184,train
24185,validation
24186,train
24187,train
24188,test
24189,validation
24190,train
24191,train
24192,train
24193,test
24194,train
24195,train
24196,validation
24197,test
24198,test
24199,test
24200,train
24201,train
24202,train
24203,train
24204,validation
24205,train
24206,validation
24207,train
24208,test
24209,train
24210,train
24211,test
24212,train
24213,train
24214,train
24215,train
24216,train
24217,train
24218,train
24219,train
24220,test
24221,train
24222,train
24223,train
24224,test
24225,train
24226,train
24227,train
24228,train
24229,train
24230,train
24231,validation
24232,train
24233,train
24234,train
24235,validation
24236,test
24237,train
24238,train
24239,train
24240,train
24241,train
24242,train
24243,train
24244,train
24245,train
24246,train
24247,train
24248,train
24249,train
24250,train
24251,validation
24252,train
24253,validation
24254,validation
24255,train
24256,validation
24257,train
24258,validation
24259,train
24260,train
24261,train
24262,train
24263,validation
24264,train
24265,train
24266,test
24267,test
24268,train
24269,train
24270,train
24271,validation
24272,train
24273,train
24274,validation
24275,test
24276,train
24277,test
24278,train
24279,train
24280,train
24281,train
24282,train
24283,validation
24284,validation
24285,validation
24286,train
24287,train
24288,train
24289,test
24290,train
24291,train
24292,train
24293,train
24294,train
24295,validation
24296,train
24297,validation
24298,validation
24299,train
24300,train
24301,validation
24302,train
24303,train
24304,test
24305,train
24306,test
24307,train
24308,train
24309,test
24310,test
24311,validation
24312,train
24313,train
24314,train
24315,train
24316,train
24317,train
24318,train
24319,test
24320,train
24321,test
24322,train
24323,train
24324,train
24325,train
24326,train
24327,validation
24328,validation
24329,test
24330,train
24331,validation
24332,validation
24333,test
24334,train
24335,validation
24336,train
24337,validation
24338,train
24339,train
24340,train
24341,train
24342,test
24343,train
24344,validation
24345,train
24346,train
24347,validation
24348,train
24349,test
24350,train
24351,train
24352,train
24353,train
24354,train
24355,train
24356,test
24357,validation
24358,train
24359,train
24360,test
24361,train
24362,train
24363,test
24364,train
24365,train
24366,test
24367,validation
24368,validation
24369,test
24370,train
24371,train
24372,train
24373,train
24374,train
24375,train
24376,test
24377,train
24378,validation
24379,train
24380,test
24381,validation
24382,train
24383,validation
24384,train
24385,test
24386,train
24387,train
24388,test
24389,train
24390,test
24391,train
24392,test
24393,test
24394,train
24395,validation
24396,validation
24397,validation
24398,test
24399,validation
24400,test
24401,test
24402,test
24403,test
24404,train
24405,train
24406,train
24407,train
24408,test
24409,validation
24410,validation
24411,train
24412,train
24413,test
24414,train
24415,test
24416,train
24417,train
24418,train
24419,test
24420,train
24421,test
24422,test
24423,train
24424,train
24425,train
24426,train
24427,test
24428,train
24429,validation
24430,test
24431,validation
24432,validation
24433,train
24434,test
24435,train
24436,train
24437,test
24438,test
24439,train
24440,train
24441,train
24442,train
24443,train
24444,validation
24445,train
24446,validation
24447,validation
24448,train
24449,test
24450,test
24451,train
24452,train
24453,train
24454,test
24455,test
24456,train
24457,train
24458,train
24459,train
24460,test
24461,validation
24462,validation
24463,train
24464,validation
24465,validation
24466,train
24467,train
24468,validation
24469,train
24470,validation
24471,validation
24472,train
24473,validation
24474,validation
24475,validation
24476,train
24477,train
24478,test
24479,train
24480,train
24481,train
24482,validation
24483,validation
24484,train
24485,train
24486,train
24487,validation
24488,train
24489,test
24490,validation
24491,validation
24492,test
24493,test
24494,validation
24495,train
24496,validation
24497,train
24498,validation
24499,train
24500,train
24501,train
24502,train
24503,train
24504,test
24505,train
24506,train
24507,train
24508,train
24509,test
24510,validation
24511,train
24512,validation
24513,validation
24514,train
24515,validation
24516,train
24517,train
24518,train
24519,validation
24520,train
24521,test
24522,validation
24523,validation
24524,train
24525,train
24526,test
24527,train
24528,train
24529,train
24530,validation
24531,train
24532,test
24533,train
24534,train
24535,train
24536,validation
24537,validation
24538,test
24539,train
24540,train
24541,test
24542,validation
24543,train
24544,train
24545,train
24546,train
24547,test
24548,train
24549,test
24550,train
24551,train
24552,test
24553,train
24554,validation
24555,train
24556,test
24557,train
24558,train
24559,train
24560,train
24561,train
24562,train
24563,train
24564,train
24565,train
24566,train
24567,validation
24568,validation
24569,train
24570,train
24571,train
24572,train
24573,train
24574,train
24575,test
24576,test
24577,train
24578,train
24579,train
24580,train
24581,train
24582,test
24583,train
24584,train
24585,train
24586,train
24587,test
24588,test
24589,train
24590,train
24591,validation
24592,validation
24593,train
24594,train
24595,test
24596,train
24597,train
24598,test
24599,validation
24600,train
24601,validation
24602,test
24603,train
24604,train
24605,train
24606,test
24607,validation
24608,train
24609,train
24610,train
24611,train
24612,test
24613,train
24614,test
24615,train
24616,test
24617,train
24618,test
24619,test
24620,train
24621,test
24622,train
24623,test
24624,test
24625,train
24626,test
24627,train
24628,train
24629,train
24630,train
24631,test
24632,test
24633,test
24634,train
24635,train
24636,train
24637,train
24638,validation
24639,train
24640,validation
24641,validation
24642,test
24643,validation
24644,test
24645,train
24646,train
24647,train
24648,train
24649,train
24650,train
24651,train
24652,train
24653,test
24654,train
24655,train
24656,test
24657,train
24658,test
24659,train
24660,test
24661,test
24662,train
24663,train
24664,train
24665,train
24666,validation
24667,test
24668,test
24669,validation
24670,train
24671,train
24672,train
24673,train
24674,train
24675,test
24676,train
24677,train
24678,train
24679,test
24680,train
24681,validation
24682,test
24683,test
24684,train
24685,test
24686,validation
24687,test
24688,train
24689,test
24690,train
24691,train
24692,train
24693,test
24694,validation
24695,test
24696,validation
24697,train
24698,validation
24699,train
24700,train
24701,test
24702,train
24703,validation
24704,train
24705,train
24706,train
24707,train
24708,test
24709,test
24710,train
24711,train
24712,test
24713,train
24714,train
24715,train
24716,validation
24717,train
24718,test
24719,validation
24720,validation
24721,train
24722,test
24723,validation
24724,validation
24725,train
24726,test
24727,train
24728,train
24729,test
24730,train
24731,train
24732,test
24733,validation
24734,test
24735,train
24736,validation
24737,train
24738,train
24739,train
24740,train
24741,validation
24742,train
24743,test
24744,train
24745,test
24746,validation
24747,train
24748,train
24749,train
24750,test
24751,train
24752,test
24753,train
24754,train
24755,train
24756,test
24757,train
24758,train
24759,validation
24760,test
24761,train
24762,train
24763,train
24764,train
24765,train
24766,validation
24767,test
24768,test
24769,validation
24770,train
24771,validation
24772,test
24773,validation
24774,test
24775,validation
24776,train
24777,validation
24778,train
24779,train
24780,validation
24781,validation
24782,train
24783,train
24784,validation
24785,train
24786,train
24787,validation
24788,validation
24789,test
24790,validation
24791,train
24792,train
24793,train
24794,validation
24795,train
24796,test
24797,test
24798,validation
24799,train
24800,train
24801,train
24802,train
24803,test
24804,train
24805,train
24806,train
24807,train
24808,train
24809,validation
24810,train
24811,train
24812,train
24813,validation
24814,train
24815,validation
24816,validation
24817,validation
24818,train
24819,validation
24820,train
24821,train
24822,train
24823,train
24824,test
24825,train
24826,test
24827,validation
24828,validation
24829,train
24830,train
24831,train
24832,train
24833,train
24834,train
24835,train
24836,validation
24837,validation
24838,train
24839,train
24840,train
24841,train
24842,test
24843,validation
24844,validation
24845,train
24846,train
24847,train
24848,train
24849,test
24850,train
24851,validation
24852,validation
24853,train
24854,test
24855,train
24856,train
24857,test
24858,train
24859,train
24860,validation
24861,test
24862,validation
24863,train
24864,train
24865,validation
24866,train
24867,test
24868,train
24869,train
24870,train
24871,validation
24872,train
24873,train
24874,train
24875,train
24876,train
24877,train
24878,train
24879,train
24880,train
24881,validation
24882,train
24883,train
24884,train
24885,train
24886,test
24887,train
24888,validation
24889,train
24890,test
24891,test
24892,train
24893,train
24894,test
24895,train
24896,train
24897,train
24898,train
24899,test
24900,validation
24901,validation
24902,validation
24903,train
24904,train
24905,train
24906,train
24907,train
24908,test
24909,train
24910,test
24911,train
24912,train
24913,train
24914,test
24915,train
24916,train
24917,train
24918,validation
24919,train
24920,test
24921,train
24922,train
24923,test
24924,test
24925,train
24926,test
24927,train
24928,test
24929,train
24930,train
24931,validation
24932,validation
24933,validation
24934,validation
24935,train
24936,train
24937,test
24938,test
24939,validation
24940,train
24941,test
24942,validation
24943,validation
24944,train
24945,train
24946,train
24947,train
24948,train
24949,train
24950,train
24951,validation
24952,train
24953,validation
24954,train
24955,validation
24956,train
24957,train
24958,train
24959,train
24960,train
24961,validation
24962,test
24963,train
24964,test
24965,train
24966,train
24967,train
24968,train
24969,validation
24970,train
24971,train
24972,validation
24973,train
24974,train
24975,validation
24976,test
24977,train
24978,train
24979,train
24980,validation
24981,train
24982,train
24983,train
24984,validation
24985,validation
24986,train
24987,train
24988,test
24989,test
24990,train
24991,train
24992,validation
24993,train
24994,train
24995,validation
24996,train
24997,train
24998,test
24999,train
25000,train
25001,train
25002,validation
25003,train
25004,train
25005,validation
25006,test
25007,train
25008,train
25009,train
25010,validation
25011,train
25012,train
25013,train
25014,train
25015,train
25016,train
25017,train
25018,validation
25019,validation
25020,train
25021,train
25022,train
25023,validation
25024,train
25025,train
25026,test
25027,train
25028,train
25029,validation
25030,validation
25031,train
25032,test
25033,train
25034,validation
25035,train
25036,validation
25037,train
25038,train
25039,test
25040,validation
25041,train
25042,train
25043,train
25044,train
25045,train
25046,test
25047,test
25048,validation
25049,validation
25050,validation
25051,train
25052,test
25053,train
25054,train
25055,test
25056,train
25057,train
25058,train
25059,train
25060,test
25061,test
25062,validation
25063,train
25064,train
25065,train
25066,train
25067,validation
25068,train
25069,train
25070,validation
25071,train
25072,test
25073,train
25074,validation
25075,train
25076,test
25077,train
25078,train
25079,train
25080,test
25081,train
25082,validation
25083,test
25084,train
25085,train
25086,train
25087,train
25088,validation
25089,test
25090,train
25091,train
25092,validation
25093,train
25094,test
25095,test
25096,validation
25097,train
25098,test
25099,validation
25100,validation
25101,train
25102,train
25103,train
25104,validation
25105,train
25106,test
25107,test
25108,test
25109,train
25110,train
25111,train
25112,train
25113,validation
25114,test
25115,train
25116,train
25117,test
25118,train
25119,train
25120,train
25121,validation
25122,train
25123,train
25124,validation
25125,test
25126,validation
25127,validation
25128,train
25129,test
25130,train
25131,test
25132,validation
25133,train
25134,train
25135,train
25136,validation
25137,train
25138,test
25139,validation
25140,train
25141,test
25142,train
25143,test
25144,train
25145,train
25146,train
25147,validation
25148,train
25149,train
25150,validation
25151,train
25152,test
25153,test
25154,test
25155,test
25156,test
25157,train
25158,train
25159,train
25160,validation
25161,train
25162,train
25163,train
25164,test
25165,train
25166,train
25167,train
25168,train
25169,validation
25170,train
25171,validation
25172,test
25173,train
25174,validation
25175,train
25176,test
25177,test
25178,test
25179,train
25180,test
25181,train
25182,test
25183,test
25184,train
25185,validation
25186,train
25187,train
25188,train
25189,validation
25190,train
25191,train
25192,validation
25193,validation
25194,test
25195,train
25196,train
25197,test
25198,train
25199,train
25200,test
25201,train
25202,train
25203,train
25204,validation
25205,validation
25206,validation
25207,test
25208,validation
25209,test
25210,validation
25211,train
25212,validation
25213,train
25214,train
25215,validation
25216,train
25217,validation
25218,validation
25219,train
25220,train
25221,test
25222,train
25223,test
25224,train
25225,validation
25226,train
25227,test
25228,train
25229,validation
25230,validation
25231,test
25232,train
25233,validation
25234,train
25235,train
25236,train
25237,test
25238,train
25239,train
25240,train
25241,test
25242,validation
25243,train
25244,train
25245,test
25246,train
25247,train
25248,train
25249,validation
25250,train
25251,validation
25252,test
25253,train
25254,validation
25255,validation
25256,train
25257,test
25258,train
25259,validation
25260,validation
25261,test
25262,train
25263,validation
25264,test
25265,test
25266,train
25267,train
25268,train
25269,test
25270,validation
25271,train
25272,validation
25273,train
25274,train
25275,train
25276,validation
25277,train
25278,train
25279,test
25280,train
25281,train
25282,validation
25283,test
25284,train
25285,validation
25286,train
25287,train
25288,train
25289,validation
25290,train
25291,train
25292,train
25293,train
25294,train
25295,train
25296,train
25297,test
25298,train
25299,test
25300,test
25301,train
25302,validation
25303,test
25304,train
25305,train
25306,train
25307,train
25308,train
25309,train
25310,validation
25311,train
25312,train
25313,validation
25314,train
25315,validation
25316,train
25317,validation
25318,train
25319,train
25320,train
25321,train
25322,train
25323,validation
25324,test
25325,train
25326,train
25327,train
25328,validation
25329,train
25330,train
25331,train
25332,train
25333,train
25334,train
25335,train
25336,test
25337,train
25338,train
25339,train
25340,train
25341,train
25342,validation
25343,train
25344,train
25345,test
25346,train
25347,train
25348,validation
25349,train
25350,train
25351,train
25352,train
25353,validation
25354,validation
25355,train
25356,train
25357,train
25358,train
25359,train
25360,train
25361,test
25362,train
25363,train
25364,test
25365,train
25366,train
25367,train
25368,test
25369,train
25370,validation
25371,train
25372,test
25373,train
25374,train
25375,train
25376,train
25377,validation
25378,train
25379,train
25380,train
25381,train
25382,train
25383,train
25384,train
25385,validation
25386,test
25387,train
25388,validation
25389,train
25390,validation
25391,train
25392,train
25393,train
25394,train
25395,validation
25396,test
25397,validation
25398,train
25399,train
25400,train
25401,train
25402,train
25403,train
25404,validation
25405,train
25406,validation
25407,train
25408,validation
25409,train
25410,validation
25411,validation
25412,train
25413,validation
25414,test
25415,validation
25416,train
25417,train
25418,train
25419,train
25420,train
25421,test
25422,train
25423,train
25424,test
25425,test
25426,test
25427,train
25428,train
25429,train
25430,validation
25431,train
25432,test
25433,validation
25434,train
25435,validation
25436,validation
25437,test
25438,validation
25439,train
25440,validation
25441,validation
25442,validation
25443,validation
25444,train
25445,validation
25446,train
25447,validation
25448,test
25449,train
25450,train
25451,test
25452,train
25453,validation
25454,train
25455,validation
25456,train
25457,validation
25458,train
25459,validation
25460,validation
25461,train
25462,train
25463,train
25464,train
25465,validation
25466,train
25467,train
25468,train
25469,validation
25470,train
25471,train
25472,train
25473,train
25474,train
25475,train
25476,train
25477,test
25478,train
25479,train
25480,train
25481,train
25482,test
25483,train
25484,validation
25485,train
25486,train
25487,train
25488,validation
25489,train
25490,train
25491,test
25492,test
25493,train
25494,train
25495,train
25496,validation
25497,test
25498,train
25499,train
25500,train
25501,train
25502,validation
25503,train
25504,train
25505,train
25506,validation
25507,train
25508,test
25509,train
25510,train
25511,test
25512,train
25513,validation
25514,test
25515,train
25516,train
25517,validation
25518,train
25519,train
25520,test
25521,train
25522,validation
25523,train
25524,train
25525,test
25526,train
25527,train
25528,train
25529,test
25530,validation
25531,train
25532,test
25533,train
25534,train
25535,train
25536,train
25537,test
25538,train
25539,train
25540,validation
25541,train
25542,train
25543,train
25544,validation
25545,test
25546,train
25547,train
25548,train
25549,validation
25550,train
25551,train
25552,train
25553,train
25554,train
25555,train
25556,train
25557,train
25558,validation
25559,validation
25560,test
25561,test
25562,train
25563,train
25564,test
25565,train
25566,train
25567,train
25568,test
25569,validation
25570,test
25571,train
25572,test
25573,train
25574,train
25575,train
25576,train
25577,train
25578,train
25579,train
25580,validation
25581,train
25582,train
25583,validation
25584,train
25585,validation
25586,train
25587,train
25588,train
25589,test
25590,train
25591,train
25592,train
25593,test
25594,test
25595,train
25596,train
25597,train
25598,train
25599,test
25600,test
25601,validation
25602,test
25603,train
25604,test
25605,train
25606,train
25607,train
25608,train
25609,validation
25610,test
25611,train
25612,train
25613,train
25614,train
25615,test
25616,test
25617,train
25618,train
25619,validation
25620,test
25621,test
25622,test
25623,test
25624,validation
25625,validation
25626,test
25627,validation
25628,train
25629,train
25630,validation
25631,test
25632,train
25633,train
25634,train
25635,train
25636,train
25637,validation
25638,test
25639,validation
25640,validation
25641,train
25642,train
25643,test
25644,validation
25645,train
25646,test
25647,train
25648,train
25649,train
25650,train
25651,train
25652,test
25653,validation
25654,train
25655,validation
25656,validation
25657,train
25658,validation
25659,train
25660,train
25661,train
25662,train
25663,train
25664,test
25665,train
25666,test
25667,train
25668,train
25669,validation
25670,train
25671,train
25672,test
25673,train
25674,test
25675,train
25676,train
25677,test
25678,train
25679,train
25680,train
25681,train
25682,validation
25683,validation
25684,train
25685,test
25686,train
25687,train
25688,test
25689,validation
25690,train
25691,train
25692,train
25693,test
25694,train
25695,train
25696,train
25697,train
25698,test
25699,test
25700,validation
25701,validation
25702,train
25703,validation
25704,validation
25705,test
25706,test
25707,train
25708,train
25709,train
25710,validation
25711,train
25712,test
25713,train
25714,test
25715,train
25716,train
25717,validation
25718,train
25719,train
25720,train
25721,test
25722,train
25723,validation
25724,validation
25725,train
25726,validation
25727,train
25728,validation
25729,train
25730,test
25731,test
25732,validation
25733,validation
25734,train
25735,test
25736,train
25737,validation
25738,test
25739,train
25740,train
25741,test
25742,train
25743,test
25744,validation
25745,test
25746,test
25747,validation
25748,train
25749,validation
25750,train
25751,test
25752,train
25753,train
25754,test
25755,train
25756,train
25757,train
25758,train
25759,train
25760,validation
25761,train
25762,train
25763,validation
25764,train
25765,validation
25766,train
25767,train
25768,train
25769,train
25770,train
25771,train
25772,train
25773,train
25774,validation
25775,train
25776,validation
25777,train
25778,train
25779,test
25780,validation
25781,train
25782,validation
25783,train
25784,test
25785,train
25786,test
25787,train
25788,train
25789,test
25790,test
25791,train
25792,train
25793,train
25794,test
25795,test
25796,train
25797,train
25798,train
25799,train
25800,train
25801,train
25802,train
25803,validation
25804,train
25805,train
25806,test
25807,test
25808,train
25809,train
25810,train
25811,train
25812,test
25813,test
25814,train
25815,train
25816,train
25817,test
25818,validation
25819,train
25820,test
25821,train
25822,validation
25823,validation
25824,validation
25825,train
25826,train
25827,test
25828,train
25829,validation
25830,validation
25831,train
25832,train
25833,test
25834,train
25835,validation
25836,train
25837,test
25838,train
25839,validation
25840,train
25841,validation
25842,train
25843,validation
25844,test
25845,train
25846,validation
25847,test
25848,train
25849,validation
25850,train
25851,test
25852,test
25853,train
25854,train
25855,test
25856,train
25857,train
25858,train
25859,train
25860,train
25861,test
25862,train
25863,validation
25864,test
25865,train
25866,test
25867,test
25868,train
25869,train
25870,validation
25871,train
25872,test
25873,test
25874,validation
25875,train
25876,train
25877,validation
25878,validation
25879,train
25880,test
25881,train
25882,train
25883,test
25884,train
25885,validation
25886,validation
25887,test
25888,train
25889,train
25890,train
25891,validation
25892,validation
25893,validation
25894,train
25895,train
25896,train
25897,validation
25898,train
25899,test
25900,train
25901,test
25902,test
25903,validation
25904,validation
25905,train
25906,test
25907,validation
25908,train
25909,test
25910,train
25911,train
25912,train
25913,test
25914,train
25915,test
25916,train
25917,train
25918,test
25919,train
25920,train
25921,validation
25922,train
25923,train
25924,train
25925,train
25926,train
25927,train
25928,train
25929,test
25930,train
25931,test
25932,train
25933,train
25934,validation
25935,validation
25936,validation
25937,validation
25938,train
25939,validation
25940,test
25941,test
25942,train
25943,test
25944,train
25945,validation
25946,train
25947,train
25948,train
25949,validation
25950,validation
25951,train
25952,train
25953,validation
25954,train
25955,train
25956,validation
25957,train
25958,validation
25959,train
25960,train
25961,train
25962,validation
25963,validation
25964,train
25965,validation
25966,train
25967,validation
25968,train
25969,train
25970,validation
25971,validation
25972,train
25973,train
25974,test
25975,test
25976,validation
25977,validation
25978,validation
25979,train
25980,test
25981,train
25982,train
25983,test
25984,train
25985,train
25986,train
25987,train
25988,train
25989,test
25990,test
25991,train
25992,validation
25993,test
25994,test
25995,test
25996,test
25997,train
25998,train
25999,validation
26000,train
26001,test
26002,train
26003,train
26004,train
26005,train
26006,train
26007,train
26008,train
26009,test
26010,validation
26011,test
26012,train
26013,train
26014,train
26015,validation
26016,train
26017,validation
26018,validation
26019,validation
26020,validation
26021,validation
26022,validation
26023,test
26024,train
26025,train
26026,train
26027,train
26028,train
26029,test
26030,train
26031,train
26032,test
26033,train
26034,test
26035,train
26036,train
26037,train
26038,train
26039,train
26040,train
26041,validation
26042,train
26043,validation
26044,test
26045,train
26046,validation
26047,train
26048,train
26049,train
26050,train
26051,train
26052,train
26053,validation
26054,validation
26055,train
26056,validation
26057,test
26058,test
26059,train
26060,test
26061,train
26062,train
26063,train
26064,validation
26065,train
26066,validation
26067,train
26068,train
26069,train
26070,train
26071,train
26072,train
26073,train
26074,test
26075,train
26076,train
26077,train
26078,validation
26079,train
26080,validation
26081,train
26082,train
26083,test
26084,test
26085,validation
26086,train
26087,train
26088,validation
26089,train
26090,test
26091,test
26092,validation
26093,train
26094,validation
26095,train
26096,test
26097,train
26098,train
26099,train
26100,train
26101,train
26102,train
26103,train
26104,train
26105,train
26106,test
26107,train
26108,train
26109,train
26110,train
26111,train
26112,validation
26113,train
26114,train
26115,train
26116,validation
26117,test
26118,train
26119,test
26120,train
26121,test
26122,train
26123,train
26124,train
26125,train
26126,validation
26127,validation
26128,train
26129,train
26130,train
26131,validation
26132,validation
26133,train
26134,validation
26135,validation
26136,train
26137,validation
26138,train
26139,train
26140,validation
26141,validation
26142,test
26143,train
26144,train
26145,train
26146,test
26147,train
26148,train
26149,train
26150,train
26151,train
26152,test
26153,train
26154,train
26155,validation
26156,validation
26157,test
26158,validation
26159,validation
26160,validation
26161,train
26162,validation
26163,test
26164,train
26165,validation
26166,train
26167,train
26168,train
26169,train
26170,train
26171,train
26172,test
26173,validation
26174,train
26175,train
26176,train
26177,validation
26178,validation
26179,train
26180,test
26181,train
26182,validation
26183,train
26184,train
26185,train
26186,validation
26187,train
26188,train
26189,validation
26190,train
26191,train
26192,train
26193,train
26194,validation
26195,validation
26196,train
26197,train
26198,validation
26199,train
26200,validation
26201,test
26202,train
26203,train
26204,test
26205,train
26206,test
26207,validation
26208,train
26209,train
26210,train
26211,train
26212,train
26213,train
26214,train
26215,validation
26216,test
26217,train
26218,train
26219,validation
26220,test
26221,test
26222,test
26223,train
26224,train
26225,test
26226,validation
26227,train
26228,train
26229,train
26230,train
26231,train
26232,train
26233,train
26234,train
26235,train
26236,train
26237,train
26238,train
26239,train
26240,train
26241,validation
26242,train
26243,validation
26244,train
26245,train
26246,train
26247,test
26248,train
26249,test
26250,validation
26251,test
26252,train
26253,train
26254,test
26255,train
26256,train
26257,validation
26258,train
26259,validation
26260,test
26261,train
26262,train
26263,train
26264,validation
26265,validation
26266,train
26267,validation
26268,validation
26269,train
26270,test
26271,test
26272,train
26273,train
26274,validation
26275,train
26276,train
26277,train
26278,train
26279,train
26280,train
26281,train
26282,test
26283,train
26284,validation
26285,train
26286,train
26287,train
26288,train
26289,train
26290,validation
26291,train
26292,train
26293,train
26294,train
26295,train
26296,train
26297,test
26298,train
26299,train
26300,train
26301,train
26302,train
26303,train
26304,train
26305,test
26306,train
26307,validation
26308,train
26309,train
26310,train
26311,validation
26312,validation
26313,train
26314,train
26315,validation
26316,train
26317,train
26318,validation
26319,test
26320,test
26321,train
26322,train
26323,train
26324,validation
26325,test
26326,train
26327,validation
26328,train
26329,train
26330,test
26331,train
26332,test
26333,validation
26334,train
26335,validation
26336,validation
26337,train
26338,train
26339,train
26340,train
26341,validation
26342,train
26343,train
26344,validation
26345,test
26346,train
26347,train
26348,train
26349,validation
26350,train
26351,train
26352,train
26353,validation
26354,test
26355,test
26356,train
26357,train
26358,test
26359,train
26360,train
26361,train
26362,test
26363,train
26364,train
26365,train
26366,train
26367,train
26368,test
26369,train
26370,validation
26371,validation
26372,validation
26373,validation
26374,train
26375,train
26376,train
26377,train
26378,test
26379,train
26380,test
26381,validation
26382,train
26383,train
26384,test
26385,validation
26386,train
26387,test
26388,train
26389,validation
26390,train
26391,train
26392,train
26393,test
26394,validation
26395,test
26396,test
26397,test
26398,train
26399,train
26400,validation
26401,test
26402,validation
26403,train
26404,test
26405,validation
26406,train
26407,test
26408,test
26409,test
26410,train
26411,train
26412,validation
26413,validation
26414,validation
26415,train
26416,train
26417,test
26418,train
26419,test
26420,test
26421,test
26422,train
26423,train
26424,test
26425,train
26426,test
26427,validation
26428,test
26429,train
26430,train
26431,train
26432,test
26433,test
26434,train
26435,validation
26436,test
26437,train
26438,train
26439,train
26440,test
26441,train
26442,test
26443,train
26444,test
26445,train
26446,train
26447,train
26448,test
26449,validation
26450,test
26451,train
26452,test
26453,train
26454,train
26455,test
26456,test
26457,test
26458,train
26459,train
26460,test
26461,train
26462,train
26463,test
26464,train
26465,validation
26466,train
26467,test
26468,test
26469,train
26470,train
26471,train
26472,train
26473,test
26474,train
26475,train
26476,test
26477,train
26478,test
26479,train
26480,train
26481,train
26482,train
26483,train
26484,train
26485,validation
26486,train
26487,train
26488,test
26489,train
26490,test
26491,test
26492,validation
26493,test
26494,validation
26495,train
26496,validation
26497,train
26498,train
26499,validation
26500,test
26501,train
26502,validation
26503,train
26504,test
26505,test
26506,train
26507,validation
26508,train
26509,train
26510,train
26511,train
26512,train
26513,test
26514,validation
26515,validation
26516,train
26517,train
26518,test
26519,train
26520,train
26521,train
26522,train
26523,train
26524,validation
26525,train
26526,train
26527,test
26528,train
26529,validation
26530,validation
26531,validation
26532,train
26533,test
26534,train
26535,validation
26536,train
26537,train
26538,train
26539,test
26540,test
26541,train
26542,train
26543,validation
26544,test
26545,validation
26546,train
26547,train
26548,test
26549,test
26550,train
26551,test
26552,test
26553,train
26554,train
26555,train
26556,train
26557,train
26558,train
26559,test
26560,validation
26561,train
26562,train
26563,validation
26564,train
26565,validation
26566,train
26567,train
26568,test
26569,train
26570,validation
26571,test
26572,train
26573,test
26574,train
26575,train
26576,train
26577,train
26578,train
26579,validation
26580,train
26581,train
26582,train
26583,test
26584,validation
26585,train
26586,validation
26587,train
26588,train
26589,train
26590,train
26591,test
26592,train
26593,train
26594,test
26595,validation
26596,test
26597,test
26598,train
26599,train
26600,validation
26601,train
26602,train
26603,train
26604,validation
26605,train
26606,train
26607,train
26608,validation
26609,train
26610,test
26611,validation
26612,validation
26613,train
26614,train
26615,validation
26616,validation
26617,train
26618,train
26619,validation
26620,train
26621,train
26622,test
26623,train
26624,validation
26625,train
26626,test
26627,train
26628,train
26629,train
26630,train
26631,validation
26632,test
26633,train
26634,train
26635,train
26636,train
26637,validation
26638,train
26639,train
26640,train
26641,train
26642,train
26643,train
26644,train
26645,train
26646,train
26647,train
26648,test
26649,train
26650,train
26651,test
26652,train
26653,train
26654,train
26655,train
26656,test
26657,validation
26658,train
26659,validation
26660,test
26661,validation
26662,train
26663,train
26664,train
26665,train
26666,train
26667,validation
26668,test
26669,train
26670,validation
26671,train
26672,train
26673,train
26674,validation
26675,validation
26676,test
26677,validation
26678,validation
26679,validation
26680,test
26681,train
26682,test
26683,validation
26684,train
26685,validation
26686,train
26687,validation
26688,train
26689,train
26690,validation
26691,test
26692,train
26693,train
26694,train
26695,train
26696,train
26697,validation
26698,train
26699,validation
26700,train
26701,validation
26702,train
26703,train
26704,train
26705,validation
26706,train
26707,test
26708,train
26709,test
26710,validation
26711,train
26712,train
26713,test
26714,train
26715,validation
26716,train
26717,validation
26718,train
26719,train
26720,test
26721,test
26722,train
26723,test
26724,validation
26725,train
26726,test
26727,train
26728,test
26729,train
26730,train
26731,train
26732,test
26733,test
26734,train
26735,validation
26736,test
26737,train
26738,validation
26739,train
26740,validation
26741,validation
26742,train
26743,train
26744,validation
26745,train
26746,train
26747,train
26748,validation
26749,validation
26750,test
26751,train
26752,train
26753,test
26754,train
26755,train
26756,validation
26757,validation
26758,train
26759,train
26760,train
26761,train
26762,train
26763,test
26764,train
26765,train
26766,test
26767,test
26768,validation
26769,train
26770,train
26771,validation
26772,train
26773,train
26774,test
26775,test
26776,train
26777,train
26778,train
26779,train
26780,train
26781,train
26782,validation
26783,test
26784,test
26785,train
26786,train
26787,test
26788,validation
26789,validation
26790,test
26791,validation
26792,validation
26793,train
26794,train
26795,train
26796,train
26797,train
26798,train
26799,train
26800,train
26801,train
26802,train
26803,train
26804,train
26805,train
26806,validation
26807,test
26808,validation
26809,train
26810,validation
26811,test
26812,test
26813,test
26814,train
26815,train
26816,validation
26817,test
26818,train
26819,train
26820,train
26821,train
26822,train
26823,train
26824,train
26825,train
26826,train
26827,train
26828,train
26829,train
26830,test
26831,train
26832,train
26833,train
26834,train
26835,train
26836,train
26837,validation
26838,train
26839,test
26840,train
26841,train
26842,validation
26843,train
26844,train
26845,train
26846,validation
26847,train
26848,train
26849,validation
26850,test
26851,train
26852,test
26853,train
26854,train
26855,train
26856,train
26857,test
26858,train
26859,train
26860,train
26861,test
26862,test
26863,validation
26864,validation
26865,train
26866,test
26867,test
26868,train
26869,train
26870,train
26871,train
26872,train
26873,test
26874,train
26875,test
26876,validation
26877,validation
26878,validation
26879,test
26880,train
26881,test
26882,test
26883,validation
26884,train
26885,validation
26886,train
26887,train
26888,train
26889,validation
26890,validation
26891,train
26892,validation
26893,test
26894,test
26895,validation
26896,train
26897,validation
26898,train
26899,validation
26900,validation
26901,train
26902,train
26903,train
26904,train
26905,train
26906,train
26907,validation
26908,validation
26909,test
26910,train
26911,train
26912,test
26913,train
26914,train
26915,train
26916,train
26917,test
26918,test
26919,train
26920,train
26921,train
26922,train
26923,train
26924,train
26925,train
26926,train
26927,train
26928,train
26929,train
26930,train
26931,test
26932,test
26933,train
26934,train
26935,validation
26936,train
26937,train
26938,train
26939,test
26940,train
26941,train
26942,train
26943,train
26944,train
26945,test
26946,validation
26947,train
26948,train
26949,train
26950,train
26951,train
26952,train
26953,train
26954,test
26955,train
26956,train
26957,train
26958,train
26959,train
26960,train
26961,validation
26962,validation
26963,train
26964,validation
26965,train
26966,train
26967,test
26968,test
26969,train
26970,train
26971,train
26972,validation
26973,train
26974,train
26975,test
26976,train
26977,train
26978,train
26979,train
26980,test
26981,train
26982,validation
26983,train
26984,train
26985,train
26986,train
26987,validation
26988,validation
26989,validation
26990,train
26991,train
26992,train
26993,test
26994,validation
26995,validation
26996,train
26997,train
26998,validation
26999,train
27000,train
27001,train
27002,train
27003,validation
27004,train
27005,test
27006,train
27007,validation
27008,validation
27009,train
27010,train
27011,train
27012,train
27013,train
27014,train
27015,train
27016,train
27017,validation
27018,test
27019,train
27020,validation
27021,test
27022,train
27023,train
27024,test
27025,test
27026,validation
27027,train
27028,train
27029,validation
27030,train
27031,train
27032,train
27033,train
27034,train
27035,train
27036,train
27037,train
27038,validation
27039,train
27040,validation
27041,train
27042,train
27043,test
27044,train
27045,train
27046,validation
27047,validation
27048,train
27049,validation
27050,train
27051,train
27052,train
27053,train
27054,test
27055,validation
27056,train
27057,validation
27058,train
27059,test
27060,train
27061,train
27062,train
27063,train
27064,train
27065,train
27066,train
27067,train
27068,train
27069,train
27070,train
27071,train
27072,validation
27073,train
27074,train
27075,train
27076,validation
27077,validation
27078,train
27079,train
27080,train
27081,train
27082,train
27083,validation
27084,train
27085,validation
27086,train
27087,train
27088,train
27089,test
27090,validation
27091,test
27092,train
27093,test
27094,train
27095,train
27096,test
27097,train
27098,test
27099,train
27100,train
27101,train
27102,train
27103,validation
27104,train
27105,validation
27106,train
27107,test
27108,train
27109,train
27110,train
27111,train
27112,train
27113,train
27114,test
27115,validation
27116,test
27117,validation
27118,validation
27119,train
27120,train
27121,test
27122,train
27123,validation
27124,train
27125,validation
27126,train
27127,validation
27128,train
27129,train
27130,validation
27131,validation
27132,train
27133,train
27134,test
27135,train
27136,test
27137,train
27138,train
27139,train
27140,validation
27141,train
27142,train
27143,test
27144,test
27145,test
27146,train
27147,train
27148,train
27149,train
27150,train
27151,train
27152,train
27153,validation
27154,train
27155,validation
27156,train
27157,train
27158,validation
27159,validation
27160,train
27161,test
27162,test
27163,train
27164,train
27165,train
27166,test
27167,train
27168,validation
27169,test
27170,train
27171,train
27172,test
27173,train
27174,test
27175,train
27176,train
27177,train
27178,train
27179,validation
27180,train
27181,test
27182,test
27183,train
27184,test
27185,test
27186,test
27187,train
27188,train
27189,train
27190,test
27191,test
27192,train
27193,validation
27194,train
27195,train
27196,train
27197,validation
27198,validation
27199,test
27200,validation
27201,train
27202,test
27203,test
27204,train
27205,train
27206,train
27207,train
27208,train
27209,validation
27210,train
27211,train
27212,train
27213,train
27214,train
27215,train
27216,train
27217,train
27218,train
27219,train
27220,train
27221,train
27222,test
27223,train
27224,train
27225,train
27226,train
27227,test
27228,validation
27229,test
27230,validation
27231,test
27232,train
27233,test
27234,validation
27235,train
27236,test
27237,train
27238,train
27239,test
27240,train
27241,validation
27242,train
27243,train
27244,test
27245,train
27246,train
27247,train
27248,train
27249,train
27250,validation
27251,test
27252,validation
27253,train
27254,validation
27255,train
27256,train
27257,train
27258,test
27259,train
27260,train
27261,train
27262,train
27263,train
27264,train
27265,test
27266,train
27267,train
27268,train
27269,train
27270,test
27271,train
27272,train
27273,train
27274,train
27275,validation
27276,test
27277,train
27278,test
27279,test
27280,train
27281,train
27282,validation
27283,validation
27284,train
27285,train
27286,validation
27287,train
27288,train
27289,train
27290,test
27291,test
27292,train
27293,validation
27294,train
27295,validation
27296,train
27297,test
27298,validation
27299,train
27300,train
27301,validation
27302,validation
27303,test
27304,validation
27305,train
27306,train
27307,validation
27308,train
27309,train
27310,test
27311,train
27312,validation
27313,validation
27314,train
27315,test
27316,train
27317,validation
27318,train
27319,train
27320,train
27321,test
27322,train
27323,train
27324,test
27325,train
27326,validation
27327,train
27328,validation
27329,train
27330,train
27331,test
27332,validation
27333,train
27334,train
27335,train
27336,train
27337,train
27338,train
27339,validation
27340,train
27341,train
27342,validation
27343,test
27344,test
27345,train
27346,train
27347,train
27348,train
27349,test
27350,test
27351,validation
27352,test
27353,test
27354,train
27355,validation
27356,train
27357,test
27358,validation
27359,train
27360,train
27361,validation
27362,train
27363,test
27364,train
27365,test
27366,train
27367,train
27368,train
27369,test
27370,train
27371,test
27372,train
27373,train
27374,train
27375,validation
27376,train
27377,train
27378,train
27379,train
27380,train
27381,train
27382,validation
27383,train
27384,train
27385,train
27386,validation
27387,validation
27388,test
27389,validation
27390,train
27391,train
27392,validation
27393,train
27394,train
27395,train
27396,train
27397,train
27398,test
27399,train
27400,train
27401,validation
27402,train
27403,test
27404,train
27405,train
27406,train
27407,validation
27408,train
27409,train
27410,validation
27411,validation
27412,train
27413,train
27414,validation
27415,train
27416,train
27417,validation
27418,train
27419,train
27420,test
27421,train
27422,train
27423,test
27424,train
27425,test
27426,validation
27427,train
27428,train
27429,test
27430,train
27431,train
27432,train
27433,train
27434,test
27435,train
27436,train
27437,train
27438,train
27439,validation
27440,train
27441,train
27442,train
27443,train
27444,test
27445,train
27446,validation
27447,train
27448,test
27449,train
27450,test
27451,test
27452,train
27453,train
27454,train
27455,test
27456,train
27457,train
27458,train
27459,train
27460,train
27461,test
27462,train
27463,train
27464,train
27465,test
27466,train
27467,train
27468,validation
27469,train
27470,train
27471,validation
27472,train
27473,test
27474,validation
27475,train
27476,test
27477,validation
27478,train
27479,train
27480,validation
27481,train
27482,test
27483,validation
27484,train
27485,train
27486,train
27487,test
27488,train
27489,validation
27490,test
27491,validation
27492,train
27493,train
27494,test
27495,train
27496,test
27497,train
27498,train
27499,test
27500,train
27501,validation
27502,train
27503,train
27504,train
27505,train
27506,validation
27507,test
27508,validation
27509,train
27510,validation
27511,train
27512,train
27513,train
27514,test
27515,test
27516,train
27517,test
27518,train
27519,train
27520,train
27521,validation
27522,validation
27523,validation
27524,train
27525,train
27526,train
27527,train
27528,test
27529,test
27530,train
27531,train
27532,test
27533,test
27534,validation
27535,train
27536,train
27537,test
27538,train
27539,train
27540,test
27541,validation
27542,train
27543,validation
27544,train
27545,validation
27546,validation
27547,train
27548,train
27549,train
27550,train
27551,train
27552,train
27553,train
27554,train
27555,test
27556,train
27557,train
27558,validation
27559,train
27560,train
27561,train
27562,test
27563,train
27564,test
27565,validation
27566,train
27567,test
27568,validation
27569,train
27570,train
27571,train
27572,train
27573,test
27574,train
27575,train
27576,train
27577,validation
27578,train
27579,train
27580,train
27581,test
27582,train
27583,train
27584,validation
27585,validation
27586,test
27587,train
27588,train
27589,train
27590,train
27591,validation
27592,train
27593,validation
27594,train
27595,validation
27596,test
27597,test
27598,validation
27599,test
27600,train
27601,validation
27602,train
27603,test
27604,train
27605,train
27606,test
27607,train
27608,test
27609,train
27610,train
27611,train
27612,test
27613,train
27614,test
27615,validation
27616,train
27617,test
27618,train
27619,train
27620,train
27621,train
27622,train
27623,train
27624,test
27625,train
27626,test
27627,train
27628,test
27629,train
27630,train
27631,train
27632,test
27633,train
27634,test
27635,train
27636,test
27637,test
27638,train
27639,train
27640,validation
27641,test
27642,test
27643,train
27644,test
27645,train
27646,train
27647,train
27648,train
27649,train
27650,test
27651,test
27652,train
27653,test
27654,train
27655,train
27656,validation
27657,train
27658,validation
27659,train
27660,train
27661,train
27662,train
27663,test
27664,train
27665,train
27666,train
27667,train
27668,validation
27669,test
27670,test
27671,train
27672,train
27673,test
27674,train
27675,train
27676,test
27677,test
27678,train
27679,validation
27680,test
27681,validation
27682,train
27683,train
27684,test
27685,train
27686,test
27687,train
27688,train
27689,train
27690,test
27691,test
27692,train
27693,train
27694,validation
27695,train
27696,train
27697,test
27698,train
27699,train
27700,train
27701,train
27702,test
27703,train
27704,test
27705,test
27706,test
27707,validation
27708,train
27709,test
27710,train
27711,validation
27712,validation
27713,train
27714,train
27715,train
27716,train
27717,train
27718,test
27719,train
27720,validation
27721,validation
27722,test
27723,train
27724,validation
27725,train
27726,train
27727,validation
27728,train
27729,test
27730,train
27731,test
27732,train
27733,test
27734,test
27735,train
27736,validation
27737,train
27738,validation
27739,train
27740,train
27741,test
27742,train
27743,train
27744,test
27745,test
27746,test
27747,train
27748,train
27749,test
27750,train
27751,validation
27752,train
27753,train
27754,train
27755,train
27756,train
27757,train
27758,train
27759,train
27760,validation
27761,test
27762,train
27763,validation
27764,train
27765,test
27766,train
27767,test
27768,train
27769,validation
27770,train
27771,train
27772,train
27773,train
27774,train
27775,train
27776,train
27777,test
27778,train
27779,validation
27780,train
27781,train
27782,train
27783,test
27784,validation
27785,test
27786,test
27787,train
27788,validation
27789,train
27790,train
27791,validation
27792,validation
27793,validation
27794,test
27795,train
27796,train
27797,test
27798,train
27799,train
27800,train
27801,train
27802,train
27803,train
27804,validation
27805,validation
27806,train
27807,train
27808,validation
27809,validation
27810,train
27811,train
27812,validation
27813,validation
27814,train
27815,train
27816,test
27817,train
27818,train
27819,validation
27820,train
27821,train
27822,validation
27823,test
27824,validation
27825,train
27826,train
27827,train
27828,validation
27829,train
27830,train
27831,validation
27832,validation
27833,train
27834,train
27835,test
27836,train
27837,test
27838,train
27839,train
27840,train
27841,train
27842,train
27843,train
27844,test
27845,train
27846,train
27847,train
27848,train
27849,train
27850,test
27851,train
27852,test
27853,train
27854,train
27855,test
27856,train
27857,train
27858,train
27859,train
27860,train
27861,train
27862,train
27863,train
27864,train
27865,test
27866,validation
27867,test
27868,train
27869,test
27870,train
27871,test
27872,validation
27873,train
27874,test
27875,validation
27876,train
27877,train
27878,train
27879,validation
27880,validation
27881,train
27882,train
27883,train
27884,test
27885,validation
27886,test
27887,train
27888,train
27889,validation
27890,train
27891,train
27892,train
27893,validation
27894,test
27895,test
27896,train
27897,train
27898,train
27899,validation
27900,train
27901,test
27902,validation
27903,test
27904,validation
27905,train
27906,train
27907,train
27908,train
27909,train
27910,train
27911,train
27912,train
27913,train
27914,train
27915,train
27916,test
27917,test
27918,train
27919,train
27920,train
27921,train
27922,train
27923,test
27924,validation
27925,train
27926,test
27927,train
27928,test
27929,train
27930,train
27931,train
27932,train
27933,train
27934,train
27935,test
27936,test
27937,train
27938,train
27939,train
27940,test
27941,train
27942,train
27943,train
27944,test
27945,train
27946,test
27947,train
27948,train
27949,test
27950,train
27951,train
27952,train
27953,validation
27954,test
27955,train
27956,train
27957,test
27958,train
27959,train
27960,train
27961,test
27962,train
27963,test
27964,validation
27965,train
27966,validation
27967,train
27968,train
27969,validation
27970,train
27971,train
27972,validation
27973,train
27974,train
27975,train
27976,train
27977,train
27978,validation
27979,validation
27980,test
27981,train
27982,test
27983,test
27984,train
27985,validation
27986,test
27987,test
27988,train
27989,train
27990,train
27991,train
27992,test
27993,train
27994,test
27995,train
27996,test
27997,validation
27998,train
27999,train
28000,train
28001,train
28002,train
28003,train
28004,test
28005,validation
28006,train
28007,train
28008,train
28009,train
28010,train
28011,train
28012,test
28013,train
28014,train
28015,test
28016,train
28017,train
28018,train
28019,validation
28020,validation
28021,train
28022,train
28023,train
28024,train
28025,validation
28026,train
28027,train
28028,train
28029,validation
28030,train
28031,validation
28032,train
28033,test
28034,validation
28035,validation
28036,train
28037,train
28038,train
28039,test
28040,train
28041,test
28042,train
28043,train
28044,test
28045,train
28046,train
28047,train
28048,train
28049,train
28050,validation
28051,train
28052,validation
28053,train
28054,validation
28055,test
28056,train
28057,test
28058,train
28059,test
28060,validation
28061,train
28062,validation
28063,validation
28064,train
28065,test
28066,train
28067,train
28068,validation
28069,test
28070,test
28071,test
28072,train
28073,train
28074,train
28075,train
28076,test
28077,validation
28078,test
28079,validation
28080,test
28081,train
28082,test
28083,train
28084,test
28085,train
28086,train
28087,validation
28088,train
28089,train
28090,test
28091,train
28092,train
28093,validation
28094,train
28095,train
28096,test
28097,test
28098,train
28099,validation
28100,train
28101,train
28102,train
28103,train
28104,train
28105,test
28106,validation
28107,test
28108,train
28109,train
28110,test
28111,train
28112,train
28113,test
28114,validation
28115,test
28116,train
28117,test
28118,train
28119,train
28120,train
28121,train
28122,train
28123,train
28124,test
28125,train
28126,validation
28127,validation
28128,train
28129,train
28130,test
28131,train
28132,validation
28133,train
28134,validation
28135,train
28136,train
28137,train
28138,train
28139,train
28140,train
28141,test
28142,validation
28143,validation
28144,train
28145,validation
28146,train
28147,train
28148,train
28149,validation
28150,validation
28151,train
28152,train
28153,train
28154,train
28155,validation
28156,train
28157,train
28158,train
28159,train
28160,train
28161,train
28162,train
28163,test
28164,test
28165,train
28166,train
28167,test
28168,train
28169,validation
28170,train
28171,train
28172,test
28173,validation
28174,test
28175,train
28176,train
28177,train
28178,train
28179,train
28180,train
28181,validation
28182,train
28183,validation
28184,validation
28185,test
28186,validation
28187,train
28188,test
28189,train
28190,train
28191,train
28192,train
28193,validation
28194,train
28195,train
28196,test
28197,validation
28198,validation
28199,train
28200,train
28201,train
28202,test
28203,test
28204,test
28205,test
28206,train
28207,test
28208,test
28209,train
28210,validation
28211,train
28212,train
28213,train
28214,train
28215,train
28216,test
28217,train
28218,validation
28219,test
28220,test
28221,train
28222,train
28223,validation
28224,train
28225,test
28226,train
28227,test
28228,train
28229,train
28230,validation
28231,test
28232,test
28233,test
28234,train
28235,test
28236,train
28237,test
28238,test
28239,train
28240,train
28241,train
28242,test
28243,test
28244,train
28245,validation
28246,train
28247,train
28248,test
28249,train
28250,train
28251,validation
28252,train
28253,train
28254,test
28255,train
28256,train
28257,train
28258,train
28259,test
28260,validation
28261,train
28262,validation
28263,validation
28264,train
28265,validation
28266,train
28267,test
28268,test
28269,test
28270,train
28271,validation
28272,test
28273,validation
28274,validation
28275,test
28276,train
28277,train
28278,validation
28279,test
28280,test
28281,validation
28282,validation
28283,test
28284,train
28285,test
28286,train
28287,train
28288,train
28289,train
28290,validation
28291,validation
28292,validation
28293,train
28294,train
28295,train
28296,train
28297,train
28298,train
28299,test
28300,train
28301,train
28302,train
28303,train
28304,train
28305,train
28306,train
28307,train
28308,train
28309,train
28310,train
28311,train
28312,validation
28313,train
28314,test
28315,train
28316,train
28317,test
28318,validation
28319,validation
28320,train
28321,validation
28322,test
28323,train
28324,train
28325,train
28326,train
28327,train
28328,validation
28329,train
28330,train
28331,train
28332,train
28333,train
28334,train
28335,train
28336,train
28337,validation
28338,train
28339,train
28340,validation
28341,validation
28342,validation
28343,train
28344,validation
28345,train
28346,train
28347,train
28348,train
28349,train
28350,validation
28351,train
28352,test
28353,train
28354,train
28355,train
28356,train
28357,train
28358,test
28359,validation
28360,train
28361,train
28362,test
28363,train
28364,test
28365,train
28366,train
28367,train
28368,test
28369,validation
28370,test
28371,train
28372,train
28373,train
28374,train
28375,train
28376,train
28377,train
28378,train
28379,train
28380,train
28381,train
28382,train
28383,train
28384,train
28385,train
28386,train
28387,train
28388,train
28389,train
28390,train
28391,validation
28392,train
28393,train
28394,validation
28395,train
28396,train
28397,validation
28398,train
28399,validation
28400,train
28401,test
28402,train
28403,validation
28404,validation
28405,validation
28406,train
28407,test
28408,validation
28409,test
28410,validation
28411,validation
28412,train
28413,test
28414,test
28415,train
28416,train
28417,test
28418,validation
28419,train
28420,test
28421,train
28422,train
28423,validation
28424,test
28425,test
28426,train
28427,test
28428,train
28429,validation
28430,test
28431,train
28432,train
28433,train
28434,train
28435,train
28436,train
28437,validation
28438,train
28439,train
28440,validation
28441,test
28442,validation
28443,test
28444,test
28445,train
28446,test
28447,train
28448,train
28449,train
28450,train
28451,test
28452,train
28453,test
28454,test
28455,train
28456,train
28457,train
28458,test
28459,validation
28460,validation
28461,validation
28462,train
28463,train
28464,train
28465,train
28466,train
28467,validation
28468,train
28469,train
28470,train
28471,validation
28472,train
28473,train
28474,test
28475,train
28476,validation
28477,validation
28478,train
28479,train
28480,validation
28481,validation
28482,validation
28483,validation
28484,test
28485,test
28486,train
28487,train
28488,test
28489,validation
28490,test
28491,train
28492,train
28493,train
28494,validation
28495,test
28496,train
28497,validation
28498,train
28499,train
28500,test
28501,train
28502,test
28503,train
28504,train
28505,test
28506,train
28507,train
28508,validation
28509,validation
28510,train
28511,train
28512,validation
28513,train
28514,train
28515,train
28516,validation
28517,validation
28518,train
28519,train
28520,test
28521,test
28522,train
28523,train
28524,train
28525,validation
28526,train
28527,train
28528,validation
28529,test
28530,train
28531,train
28532,test
28533,test
28534,train
28535,train
28536,validation
28537,validation
28538,validation
28539,test
28540,test
28541,validation
28542,test
28543,validation
28544,train
28545,train
28546,train
28547,train
28548,train
28549,validation
28550,validation
28551,test
28552,test
28553,train
28554,test
28555,validation
28556,train
28557,train
28558,validation
28559,train
28560,test
28561,train
28562,test
28563,train
28564,validation
28565,train
28566,test
28567,train
28568,test
28569,train
28570,train
28571,train
28572,test
28573,train
28574,validation
28575,test
28576,train
28577,train
28578,train
28579,test
28580,validation
28581,train
28582,test
28583,validation
28584,validation
28585,train
28586,validation
28587,validation
28588,train
28589,train
28590,test
28591,test
28592,train
28593,test
28594,train
28595,train
28596,train
28597,train
28598,train
28599,train
28600,train
28601,validation
28602,test
28603,validation
28604,train
28605,train
28606,train
28607,train
28608,train
28609,test
28610,train
28611,validation
28612,train
28613,validation
28614,train
28615,train
28616,train
28617,train
28618,test
28619,test
28620,train
28621,train
28622,train
28623,test
28624,test
28625,train
28626,validation
28627,test
28628,test
28629,test
28630,test
28631,test
28632,train
28633,train
28634,test
28635,test
28636,test
28637,train
28638,train
28639,train
28640,train
28641,validation
28642,test
28643,test
28644,test
28645,train
28646,train
28647,validation
28648,validation
28649,train
28650,test
28651,train
28652,validation
28653,train
28654,test
28655,train
28656,validation
28657,validation
28658,train
28659,train
28660,train
28661,validation
28662,test
28663,validation
28664,train
28665,train
28666,train
28667,test
28668,train
28669,test
28670,validation
28671,validation
28672,validation
28673,train
28674,train
28675,train
28676,validation
28677,train
28678,test
28679,train
28680,train
28681,train
28682,train
28683,train
28684,train
28685,validation
28686,test
28687,validation
28688,train
28689,validation
28690,test
28691,test
28692,test
28693,train
28694,train
28695,validation
28696,train
28697,validation
28698,test
28699,train
28700,train
28701,train
28702,train
28703,train
28704,train
28705,test
28706,train
28707,validation
28708,train
28709,train
28710,train
28711,test
28712,validation
28713,validation
28714,test
28715,train
28716,train
28717,train
28718,train
28719,train
28720,train
28721,test
28722,test
28723,train
28724,train
28725,validation
28726,test
28727,train
28728,train
28729,train
28730,test
28731,train
28732,train
28733,train
28734,test
28735,train
28736,train
28737,train
28738,train
28739,test
28740,test
28741,train
28742,train
28743,train
28744,train
28745,validation
28746,train
28747,test
28748,test
28749,train
28750,test
28751,validation
28752,train
28753,train
28754,train
28755,test
28756,test
28757,train
28758,validation
28759,train
28760,test
28761,test
28762,train
28763,train
28764,test
28765,train
28766,test
28767,train
28768,test
28769,test
28770,train
28771,test
28772,train
28773,train
28774,validation
28775,train
28776,train
28777,train
28778,validation
28779,validation
28780,train
28781,test
28782,train
28783,train
28784,train
28785,validation
28786,validation
28787,validation
28788,train
28789,train
28790,train
28791,train
28792,validation
28793,validation
28794,validation
28795,train
28796,train
28797,test
28798,train
28799,validation
28800,test
28801,train
28802,train
28803,test
28804,validation
28805,train
28806,train
28807,test
28808,train
28809,validation
28810,train
28811,validation
28812,train
28813,test
28814,test
28815,test
28816,validation
28817,test
28818,train
28819,train
28820,train
28821,train
28822,train
28823,train
28824,train
28825,validation
28826,train
28827,train
28828,train
28829,train
28830,validation
28831,train
28832,train
28833,test
28834,train
28835,test
28836,train
28837,train
28838,train
28839,train
28840,validation
28841,train
28842,validation
28843,train
28844,train
28845,train
28846,validation
28847,train
28848,train
28849,train
28850,train
28851,test
28852,train
28853,train
28854,train
28855,train
28856,train
28857,train
28858,validation
28859,train
28860,train
28861,validation
28862,train
28863,train
28864,train
28865,train
28866,validation
28867,test
28868,test
28869,train
28870,train
28871,validation
28872,train
28873,train
28874,train
28875,train
28876,train
28877,train
28878,train
28879,train
28880,train
28881,train
28882,train
28883,train
28884,train
28885,test
28886,test
28887,test
28888,validation
28889,train
28890,validation
28891,train
28892,train
28893,train
28894,test
28895,validation
28896,train
28897,train
28898,validation
28899,validation
28900,train
28901,train
28902,test
28903,test
28904,test
28905,train
28906,train
28907,test
28908,test
28909,test
28910,train
28911,train
28912,train
28913,validation
28914,validation
28915,test
28916,train
28917,train
28918,train
28919,train
28920,validation
28921,test
28922,train
28923,train
28924,train
28925,train
28926,train
28927,test
28928,train
28929,validation
28930,train
28931,train
28932,train
28933,test
28934,train
28935,test
28936,validation
28937,train
28938,test
28939,validation
28940,train
28941,validation
28942,train
28943,train
28944,train
28945,train
28946,test
28947,train
28948,train
28949,test
28950,train
28951,test
28952,train
28953,train
28954,train
28955,train
28956,train
28957,test
28958,train
28959,validation
28960,train
28961,train
28962,train
28963,test
28964,train
28965,train
28966,validation
28967,validation
28968,train
28969,train
28970,test
28971,train
28972,train
28973,test
28974,train
28975,validation
28976,train
28977,train
28978,train
28979,validation
28980,train
28981,validation
28982,train
28983,validation
28984,train
28985,train
28986,validation
28987,train
28988,test
28989,test
28990,train
28991,test
28992,validation
28993,test
28994,test
28995,validation
28996,train
28997,train
28998,train
28999,train
29000,train
29001,train
29002,train
29003,validation
29004,train
29005,train
29006,train
29007,train
29008,test
29009,test
29010,train
29011,train
29012,validation
29013,train
29014,test
29015,train
29016,test
29017,validation
29018,train
29019,test
29020,train
29021,validation
29022,train
29023,validation
29024,validation
29025,train
29026,train
29027,validation
29028,test
29029,train
29030,test
29031,train
29032,train
29033,train
29034,train
29035,train
29036,train
29037,validation
29038,validation
29039,train
29040,train
29041,train
29042,test
29043,train
29044,validation
29045,train
29046,train
29047,train
29048,train
29049,train
29050,validation
29051,validation
29052,train
29053,validation
29054,train
29055,train
29056,train
29057,train
29058,train
29059,train
29060,test
29061,test
29062,train
29063,train
29064,train
29065,train
29066,validation
29067,test
29068,train
29069,validation
29070,train
29071,train
29072,train
29073,test
29074,train
29075,test
29076,train
29077,train
29078,validation
29079,train
29080,train
29081,test
29082,test
29083,train
29084,train
29085,test
29086,test
29087,test
29088,test
29089,train
29090,validation
29091,train
29092,train
29093,test
29094,train
29095,test
29096,train
29097,train
29098,validation
29099,train
29100,test
29101,test
29102,validation
29103,validation
29104,test
29105,validation
29106,train
29107,train
29108,train
29109,train
29110,train
29111,validation
29112,train
29113,train
29114,train
29115,train
29116,validation
29117,test
29118,train
29119,test
29120,train
29121,test
29122,train
29123,train
29124,test
29125,train
29126,train
29127,train
29128,train
29129,train
29130,test
29131,validation
29132,train
29133,train
29134,validation
29135,test
29136,validation
29137,train
29138,validation
29139,validation
29140,test
29141,validation
29142,test
29143,test
29144,train
29145,test
29146,test
29147,test
29148,train
29149,validation
29150,validation
29151,test
29152,test
29153,train
29154,validation
29155,validation
29156,train
29157,test
29158,train
29159,validation
29160,test
29161,train
29162,train
29163,train
29164,validation
29165,validation
29166,train
29167,train
29168,train
29169,validation
29170,train
29171,test
29172,test
29173,train
29174,test
29175,train
29176,train
29177,test
29178,train
29179,train
29180,train
29181,train
29182,train
29183,validation
29184,train
29185,test
29186,train
29187,test
29188,test
29189,train
29190,train
29191,test
29192,test
29193,train
29194,train
29195,validation
29196,train
29197,train
29198,validation
29199,validation
29200,validation
29201,validation
29202,train
29203,validation
29204,test
29205,train
29206,train
29207,test
29208,train
29209,validation
29210,train
29211,train
29212,test
29213,validation
29214,train
29215,test
29216,train
29217,validation
29218,train
29219,train
29220,train
29221,train
29222,test
29223,train
29224,train
29225,train
29226,train
29227,test
29228,validation
29229,train
29230,train
29231,train
29232,train
29233,train
29234,train
29235,train
29236,train
29237,train
29238,validation
29239,validation
29240,validation
29241,train
29242,train
29243,test
29244,train
29245,validation
29246,test
29247,test
29248,train
29249,test
29250,train
29251,train
29252,train
29253,train
29254,test
29255,train
29256,test
29257,train
29258,train
29259,train
29260,test
29261,test
29262,train
29263,test
29264,train
29265,validation
29266,train
29267,train
29268,train
29269,train
29270,train
29271,train
29272,train
29273,train
29274,validation
29275,train
29276,train
29277,test
29278,train
29279,validation
29280,train
29281,train
29282,validation
29283,train
29284,train
29285,train
29286,train
29287,train
29288,test
29289,train
29290,test
29291,validation
29292,test
29293,train
29294,train
29295,validation
29296,test
29297,train
29298,validation
29299,validation
29300,train
29301,test
29302,validation
29303,train
29304,test
29305,train
29306,train
29307,train
29308,train
29309,train
29310,test
29311,train
29312,train
29313,train
29314,train
29315,train
29316,test
29317,test
29318,validation
29319,test
29320,test
29321,train
29322,validation
29323,train
29324,train
29325,validation
29326,train
29327,train
29328,test
29329,train
29330,train
29331,train
29332,test
29333,train
29334,validation
29335,train
29336,train
29337,train
29338,validation
29339,train
29340,train
29341,train
29342,validation
29343,train
29344,train
29345,train
29346,train
29347,test
29348,train
29349,validation
29350,train
29351,train
29352,train
29353,train
29354,train
29355,train
29356,train
29357,train
29358,validation
29359,train
29360,train
29361,validation
29362,train
29363,validation
29364,test
29365,test
29366,train
29367,train
29368,train
29369,validation
29370,train
29371,train
29372,test
29373,train
29374,train
29375,train
29376,train
29377,train
29378,test
29379,train
29380,validation
29381,train
29382,train
29383,test
29384,test
29385,train
29386,validation
29387,train
29388,train
29389,train
29390,validation
29391,test
29392,test
29393,train
29394,train
29395,train
29396,validation
29397,train
29398,train
29399,train
29400,test
29401,validation
29402,train
29403,train
29404,validation
29405,train
29406,train
29407,train
29408,validation
29409,train
29410,train
29411,validation
29412,train
29413,train
29414,test
29415,validation
29416,train
29417,train
29418,validation
29419,train
29420,train
29421,train
29422,train
29423,train
29424,train
29425,validation
29426,train
29427,validation
29428,validation
29429,test
29430,test
29431,train
29432,train
29433,validation
29434,train
29435,test
29436,train
29437,train
29438,test
29439,train
29440,validation
29441,train
29442,test
29443,train
29444,train
29445,train
29446,train
29447,train
29448,train
29449,test
29450,validation
29451,test
29452,train
29453,train
29454,validation
29455,test
29456,test
29457,validation
29458,validation
29459,validation
29460,train
29461,train
29462,train
29463,train
29464,train
29465,train
29466,train
29467,test
29468,test
29469,test
29470,validation
29471,validation
29472,train
29473,validation
29474,train
29475,validation
29476,train
29477,train
29478,train
29479,train
29480,train
29481,test
29482,train
29483,train
29484,test
29485,train
29486,train
29487,train
29488,validation
29489,train
29490,test
29491,validation
29492,test
29493,train
29494,train
29495,validation
29496,test
29497,train
29498,validation
29499,train
29500,train
29501,train
29502,validation
29503,train
29504,validation
29505,train
29506,train
29507,train
29508,train
29509,validation
29510,train
29511,validation
29512,train
29513,test
29514,test
29515,test
29516,train
29517,validation
29518,validation
29519,train
29520,train
29521,test
29522,validation
29523,validation
29524,train
29525,test
29526,train
29527,test
29528,test
29529,train
29530,train
29531,test
29532,train
29533,test
29534,train
29535,train
29536,validation
29537,train
29538,train
29539,validation
29540,train
29541,test
29542,train
29543,train
29544,train
29545,validation
29546,test
29547,test
29548,validation
29549,train
29550,test
29551,train
29552,train
29553,validation
29554,train
29555,train
29556,train
29557,validation
29558,train
29559,train
29560,train
29561,train
29562,train
29563,test
29564,train
29565,train
29566,train
29567,validation
29568,train
29569,test
29570,train
29571,test
29572,train
29573,train
29574,train
29575,validation
29576,train
29577,test
29578,test
29579,train
29580,validation
29581,test
29582,test
29583,train
29584,test
29585,train
29586,validation
29587,validation
29588,train
29589,validation
29590,validation
29591,validation
29592,train
29593,train
29594,validation
29595,train
29596,train
29597,test
29598,test
29599,test
29600,test
29601,validation
29602,train
29603,validation
29604,train
29605,train
29606,validation
29607,validation
29608,train
29609,train
29610,train
29611,train
29612,train
29613,train
29614,train
29615,train
29616,test
29617,test
29618,train
29619,test
29620,train
29621,train
29622,train
29623,train
29624,train
29625,train
29626,validation
29627,train
29628,validation
29629,test
29630,train
29631,train
29632,test
29633,train
29634,train
29635,test
29636,test
29637,train
29638,train
29639,train
29640,train
29641,validation
29642,test
29643,train
29644,train
29645,validation
29646,validation
29647,train
29648,validation
29649,train
29650,test
29651,train
29652,test
29653,test
29654,train
29655,train
29656,train
29657,train
29658,validation
29659,train
29660,train
29661,train
29662,train
29663,validation
29664,train
29665,test
29666,train
29667,validation
29668,validation
29669,validation
29670,test
29671,test
29672,validation
29673,train
29674,validation
29675,train
29676,test
29677,train
29678,train
29679,train
29680,train
29681,test
29682,test
29683,train
29684,train
29685,train
29686,validation
29687,train
29688,train
29689,train
29690,test
29691,test
29692,train
29693,train
29694,validation
29695,train
29696,test
29697,validation
29698,train
29699,train
29700,train
29701,validation
29702,train
29703,train
29704,train
29705,test
29706,train
29707,validation
29708,train
29709,train
29710,train
29711,train
29712,train
29713,train
29714,train
29715,train
29716,validation
29717,train
29718,test
29719,test
29720,train
29721,test
29722,train
29723,train
29724,validation
29725,validation
29726,validation
29727,test
29728,validation
29729,validation
29730,train
29731,train
29732,train
29733,train
29734,train
29735,train
29736,train
29737,test
29738,test
29739,train
29740,train
29741,train
29742,train
29743,train
29744,validation
29745,train
29746,validation
29747,train
29748,train
29749,validation
29750,train
29751,train
29752,train
29753,train
29754,validation
29755,test
29756,train
29757,test
29758,test
29759,train
29760,train
29761,train
29762,train
29763,train
29764,validation
29765,train
29766,validation
29767,test
29768,validation
29769,train
29770,train
29771,test
29772,train
29773,test
29774,train
29775,train
29776,train
29777,train
29778,validation
29779,train
29780,train
29781,test
29782,train
29783,train
29784,validation
29785,train
29786,train
29787,train
29788,train
29789,test
29790,validation
29791,test
29792,train
29793,train
29794,train
29795,train
29796,validation
29797,validation
29798,train
29799,train
29800,train
29801,train
29802,train
29803,train
29804,validation
29805,train
29806,train
29807,train
29808,validation
29809,train
29810,train
29811,train
29812,train
29813,validation
29814,test
29815,train
29816,test
29817,train
29818,validation
29819,train
29820,train
29821,train
29822,train
29823,test
29824,train
29825,train
29826,train
29827,train
29828,validation
29829,train
29830,train
29831,train
29832,train
29833,train
29834,train
29835,train
29836,train
29837,train
29838,test
29839,test
29840,validation
29841,test
29842,test
29843,test
29844,train
29845,test
29846,validation
29847,validation
29848,train
29849,validation
29850,train
29851,test
29852,train
29853,validation
29854,train
29855,train
29856,validation
29857,train
29858,train
29859,test
29860,validation
29861,validation
29862,train
29863,train
29864,train
29865,train
29866,train
29867,train
29868,test
29869,train
29870,train
29871,train
29872,train
29873,train
29874,train
29875,train
29876,validation
29877,train
29878,train
29879,train
29880,test
29881,train
29882,validation
29883,train
29884,train
29885,train
29886,validation
29887,validation
29888,train
29889,train
29890,validation
29891,train
29892,train
29893,validation
29894,train
29895,validation
29896,test
29897,train
29898,train
29899,train
29900,test
29901,test
29902,train
29903,train
29904,test
29905,validation
29906,test
29907,train
29908,train
29909,train
29910,train
29911,train
29912,validation
29913,test
29914,validation
29915,validation
29916,test
29917,test
29918,validation
29919,test
29920,train
29921,validation
29922,train
29923,train
29924,validation
29925,train
29926,train
29927,validation
29928,train
29929,train
29930,train
29931,train
29932,test
29933,train
29934,test
29935,train
29936,test
29937,train
29938,train
29939,validation
29940,test
29941,train
29942,validation
29943,train
29944,train
29945,test
29946,test
29947,test
29948,train
29949,train
29950,train
29951,train
29952,train
29953,validation
29954,train
29955,train
29956,validation
29957,train
29958,train
29959,test
29960,test
29961,train
29962,validation
29963,train
29964,test
29965,train
29966,train
29967,train
29968,test
29969,test
29970,test
29971,test
29972,validation
29973,test
29974,validation
29975,train
29976,train
29977,test
29978,test
29979,train
29980,validation
29981,train
29982,validation
29983,test
29984,train
29985,validation
29986,test
29987,train
29988,train
29989,test
29990,validation
29991,train
29992,train
29993,train
29994,test
29995,test
29996,validation
29997,test
29998,train
29999,validation
30000,validation
